DATE,TIME,LAT,LON,AWA,AWS,BOD,BSP,BTW,CMG,COG,CTS,DEP,DFT,DMG,DST,DTW,HDC,LOG,RDR,SET,SOG,TBS,TEMP,TWA,TWS,VAR,VMG,WCV,XTE
,34569,49.0182,12.014,11.4587,0.6,,1.91,,290.621,287.095,,,0.81,0.16,,,299.174,9.1,-0.00549316,145.525,1.37,,22,164.641,0.41,0,-1.84,
,34569,49.0182,12.014,11.4587,0.6,,1.91,,290.621,287.095,,,0.81,0.16,,,299.174,9.1,-0.00549316,145.525,1.37,,22,164.641,0.41,0,-1.84,
,34569,49.0182,12.014,11.4587,0.6,,1.91,,290.621,287.095,,,0.81,0.16,,,299.174,9.1,-0.00549316,145.525,1.37,,22,164.641,0.41,0,-1.84,
,34569,49.0182,12.014,11.4587,0.6,,1.91,,290.621,287.095,,,0.81,0.16,,,299.174,9.1,-0.00549316,145.525,1.37,,22,164.641,0.41,0,-1.84,
,34569,49.0182,12.014,11.4587,0.6,,1.91,,290.621,287.095,,,0.81,0.16,,,299.174,9.1,-0.00549316,145.525,1.37,,22,164.641,0.41,0,-1.84,
,34569,49.0182,12.014,11.4587,0.6,,1.91,,290.621,287.095,,,0.81,0.16,,,299.174,9.1,-0.00549316,145.525,1.37,,22,164.641,0.41,0,-1.84,
,34569,49.0182,12.014,11.4587,0.6,,1.91,,290.621,287.095,,,0.81,0.16,,,299.174,9.1,-0.00549316,145.525,1.37,,22,164.641,0.41,0,-1.84,
,34570,49.0182,12.014,19.8853,0.6,,1.94,,290.643,287.095,,,0.75,0.16,,,298.619,9.1,-0.00549316,145.75,1.37,,22,155.572,0.48,0,-1.84,
,34571,49.0182,12.0139,23.8458,0.5,,2.03,,290.676,290.303,,,0.75,0.16,,,297.708,9.1,-0.00549316,145.75,1.45,,22,161.296,0.62,0,-1.77,
,34572,49.0182,12.0139,27.1252,0.6,,2.06,,290.698,290.303,,,0.7,0.16,,,298.466,9.1,-0.00549316,143.877,1.45,,22,153.018,0.59,0,-1.93,
,34573,49.0182,12.0139,26.9824,0.6,,2.12,,290.731,293.181,,,0.7,0.16,,,297.625,9.1,-0.00549316,143.877,1.51,,22,154.276,0.62,0,-1.84,
,34574,49.0182,12.0139,30.7507,0.8,,2.11,,290.753,293.181,,,0.66,0.16,,,298.757,9.1,-0.00549316,140.169,1.51,,22,135.78,0.53,0,-1.91,
,34575,49.0182,12.0139,27.9327,0.8,,2.1,,290.775,295.703,,,0.66,0.16,,,297.279,9.11,-0.00549316,140.169,1.58,,22,135.78,0.53,0,-1.52,
,34576,49.0182,12.0139,28.7018,1,,2.11,,290.808,295.703,,,0.6,0.16,,,298.531,9.11,-0.00549316,135.286,1.58,,22,113.632,0.52,0,-1.51,
,34577,49.0182,12.0139,25.2191,1,,2.15,,290.83,297.861,,,0.6,0.16,,,297.416,9.11,-0.00549316,135.286,1.63,,22,118.872,0.33,0,-0.85,
,34579,49.0182,12.0139,16.5674,1,,2.21,,290.852,297.861,,,0.56,0.16,,,297.911,9.11,-0.00549316,129.606,1.63,,22,122.717,0.33,0,-1.04,
,34580,49.0182,12.0139,16.4795,1.1,,2.17,,290.874,299.773,,,0.56,0.16,,,296.691,9.11,-0.00549316,129.606,1.68,,22,100.618,0.16,0,-1.2,
,34581,49.0182,12.0139,2.3291,1,,2.24,,290.896,299.773,,,0.54,0.16,,,297.098,9.11,-0.00549316,122.184,1.68,,22,165.965,0.16,0,-0.4,
,34582,49.0182,12.0138,9.50317,1.1,,2.23,,290.918,301.113,,,0.54,0.16,,,296.125,9.11,-0.00549316,122.184,1.76,,22,111.237,0.19,0,-2.18,
,34583,49.0182,12.0138,5.81177,1.1,,2.21,,290.94,301.113,,,0.53,0.16,,,296.153,9.11,-0.00549316,114.434,1.76,,22,112.604,0.13,0,-0.81,
,34584,49.0182,12.0138,5.28442,1.1,,2.23,,290.951,301.729,,,0.53,0.16,,,294.983,9.11,-0.00549316,114.434,1.8,,22,120.943,0.11,0,-0.85,
,34585,49.0182,12.0138,4.3396,1.1,,2.23,,290.973,301.729,,,0.49,0.16,,,294.829,9.11,-0.00549316,106.298,1.8,,22,161.581,0.15,0,-1.15,
,34586,49.0182,12.0138,-1.31836,0.8,,2.26,,290.984,301.926,,,0.49,0.17,,,294.258,9.11,-0.00549316,106.298,1.85,,22,-176.913,0.37,0,-2.12,
,34587,49.0182,12.0138,-1.97754,0.8,,2.25,,290.995,301.926,,,0.47,0.17,,,293.67,9.11,-0.00549316,98.3331,1.85,,22,-172.101,0.36,0,-2.26,
,34588,49.0182,12.0138,-2.92786,0.8,,2.26,,291.006,302.651,,,0.47,0.17,,,294.011,9.11,-0.00549316,98.3331,1.91,,22,172.31,0.37,0,-2.23,
,34589,49.0182,12.0138,3.72437,0.8,,2.23,,291.017,302.651,,,0.47,0.17,,,293.126,9.11,-0.00549316,91.0217,1.91,,22,142.707,0.52,0,-2.24,
,34590,49.0182,12.0137,23.9392,0.8,,2.26,,291.028,303.272,,,0.47,0.17,,,293.005,9.11,-0.00549316,91.0217,1.97,,22,139.515,0.63,0,-1.78,
,34591,49.0182,12.0137,25.0983,0.8,,2.25,,291.028,303.272,,,0.45,0.17,,,291.978,9.11,-0.00549316,81.6174,1.97,,22,143.13,0.55,0,-1.72,
,34592,49.0182,12.0137,11.4148,1,,2.24,,291.039,303.08,,,0.45,0.17,,,292.742,9.12,-0.00549316,81.6174,1.96,,22,133.44,0.26,0,-1.8,
,34593,49.0182,12.0137,2.8125,1,,2.28,,291.039,303.08,,,0.45,0.17,,,291.495,9.12,-0.00549316,73.7018,1.96,,22,110.912,0.36,0,-1.54,
,34594,49.0182,12.0137,26.6254,1,,2.25,,291.039,302.146,,,0.45,0.17,,,292.319,9.12,-0.00549316,73.7018,1.95,,22,121.52,0.51,0,-0.82,
,34595,49.0182,12.0137,28.6139,1,,2.28,,291.05,302.146,,,0.47,0.17,,,291.506,9.12,-0.00549316,69.9829,1.95,,22,122.217,0.54,0,-1.18,
,34596,49.0183,12.0136,25.5103,0.8,,2.37,,291.05,300.817,,,0.47,0.17,,,292.473,9.12,-0.00549316,69.9829,1.99,,22,145.794,0.6,0,-1.22,
,34597,49.0183,12.0136,22.7197,1,,2.38,,291.05,300.817,,,0.47,0.17,,,291.643,9.12,-0.00549316,69.3732,1.99,,22,151.062,0.53,0,-1.96,
,34598,49.0183,12.0136,16.6058,0.8,,2.34,,291.05,299.009,,,0.47,0.17,,,292.83,9.12,-0.00549316,69.3732,2.04,,22,153.435,0.49,0,-2.09,
,34599,49.0183,12.0136,-4.2627,0.8,,2.39,,291.061,299.009,,,0.46,0.17,,,292.132,9.12,-0.00549316,71.6089,2.04,,22,-172.244,0.44,0,-2.1,
,34600,49.0183,12.0136,1.66443,1,,2.36,,291.061,296.878,,,0.46,0.17,,,293.159,9.12,-0.00549316,71.6089,2.07,,22,161.581,0.12,0,-2.37,
,34601,49.0183,12.0136,-9.19556,1.1,,2.38,,291.072,296.878,,,0.42,0.17,,,292.264,9.12,-0.00549316,74.9597,2.07,,22,-127.853,0.22,0,-2.24,
,34602,49.0183,12.0136,-12.4695,1.5,,2.36,,291.072,295.104,,,0.42,0.18,,,293.791,9.12,-0.00549316,74.9597,2.08,,22,-53.9923,0.4,0,-1.46,
,34603,49.0183,12.0136,-10.1898,1.5,,2.45,,291.083,295.104,,,0.38,0.18,,,293.11,9.12,-0.00549316,81.8207,2.08,,22,-58.8043,0.38,0,1.38,
,34604,49.0183,12.0135,-10.6622,1.5,,2.37,,291.094,293.879,,,0.38,0.18,,,293.868,9.12,-0.00549316,81.8207,2.09,,22,8.41553,0.27,0,1.26,
,34605,49.0183,12.0135,15.4578,1.5,,2.41,,291.105,293.879,,,0.36,0.18,,,293.22,9.12,-0.00549316,90.3571,2.09,,22,62.8638,0.43,0,2.34,
,34606,49.0183,12.0135,13.3813,1.5,,2.38,,291.116,293.307,,,0.36,0.18,,,294.368,9.12,-0.00549316,90.3571,2.11,,22,55.1349,0.4,0,1.09,
,34607,49.0183,12.0135,4.23523,1.7,,2.41,,291.127,293.307,,,0.33,0.18,,,293.703,9.13,-0.00549316,98.042,2.11,,22,14.9194,0.46,0,1.35,
,34608,49.0183,12.0135,-5.28992,1.7,,2.34,,291.127,293.719,,,0.33,0.18,,,294.208,9.13,-0.00549316,98.042,2.13,,22,11.4862,0.6,0,2.32,
,34609,49.0183,12.0135,11.7224,1.7,,2.39,,291.138,293.719,,,0.3,0.18,,,293.599,9.13,-0.00549316,104.518,2.13,,22,38.3148,0.54,0,2.29,
,34610,49.0183,12.0135,18.6218,1.5,,2.37,,291.149,294.247,,,0.3,0.18,,,293.846,9.13,-0.00549316,104.518,2.13,,22,66.9617,0.51,0,1.87,
,34611,49.0183,12.0135,9.78333,1.3,,2.38,,291.16,294.247,,,0.28,0.18,,,293.027,9.13,-0.00549316,106.771,2.13,,22,16.9189,0.48,0,0.92,
,34612,49.0183,12.0134,-10.459,2.2,,2.39,,291.16,294.51,,,0.27,0.18,,,293.209,9.13,-0.00549316,105.754,2.14,,22,-23.2635,1.01,0,2.27,
,34613,49.0183,12.0134,-6.72913,2,,2.37,,291.171,294.51,,,0.27,0.18,,,293.011,9.13,-0.00549316,105.754,2.14,,22,-17.5177,0.79,0,2.19,
,34614,49.0183,12.0134,20.0775,1.8,,2.32,,291.171,294.911,,,0.26,0.18,,,293.093,9.13,-0.00549316,103.815,2.14,,22,70.9607,0.58,0,2.25,
,34615,49.0183,12.0134,-17.7209,2.2,,2.42,,291.182,294.911,,,0.26,0.18,,,292.555,9.13,-0.00549316,103.815,2.14,,22,-19.5447,1.28,0,0.75,
,34616,49.0183,12.0134,-26.7517,2.7,,2.36,,291.182,295.472,,,0.26,0.18,,,292.78,9.13,-0.00549316,100.464,2.14,,22,-36.7218,1.62,0,2.27,
,34617,49.0183,12.0134,-9.55261,2.8,,2.34,,291.193,295.472,,,0.26,0.19,,,292.17,9.13,-0.00549316,100.464,2.14,,22,1.91711,1.79,0,1.88,
,34618,49.0184,12.0133,-1.69189,3.4,,2.33,,291.193,295.801,,,0.25,0.19,,,292.555,9.13,-0.00549316,94.3396,2.14,,22,12.0081,2.2,0,2.33,
,34619,49.0184,12.0133,8.22327,3.2,,2.37,,291.204,295.801,,,0.25,0.19,,,292.495,9.13,-0.00549316,94.3396,2.14,,22,-6.68518,1.97,0,2.27,
,34620,49.0184,12.0133,1.32385,2.8,,2.28,,291.204,296.115,,,0.25,0.19,,,292.368,9.13,-0.00549316,89.6869,2.12,,22,-22.4176,1.67,0,2.35,
,34622,49.0184,12.0133,1.52161,2.8,,2.36,,291.204,296.115,,,0.25,0.19,,,292.593,9.13,-0.00549316,89.6869,2.12,,22,-14.1174,1.59,0,2.1,
,34623,49.0184,12.0133,-5.69641,3,,2.33,,291.215,295.966,,,0.24,0.19,,,292.39,9.14,-0.00549316,84.3805,2.11,,22,-7.05872,2.19,0,2.28,
,34624,49.0184,12.0133,-4.24622,3.5,,2.32,,291.215,295.966,,,0.24,0.19,,,292.742,9.14,-0.00549316,84.3805,2.11,,22,-1.73584,2.3,0,2.31,
,34625,49.0184,12.0133,-7.92664,3.4,,2.3,,291.226,295.142,,,0.25,0.19,,,292.906,9.14,-0.00549316,84.2761,2.11,,22,-19.0283,2.35,0,2.31,
,34626,49.0184,12.0133,-12.4091,3.5,,2.34,,291.226,295.142,,,0.25,0.19,,,293.209,9.14,-0.00549316,84.2761,2.11,,22,-19.8798,2.23,0,2.17,
,34627,49.0184,12.0132,-18.8361,3.4,,2.29,,291.237,294.17,,,0.23,0.19,,,293.258,9.14,-0.00549316,87.1271,2.1,,22,-27.1582,2.1,0,2.19,
,34628,49.0184,12.0132,-17.5287,3.4,,2.32,,291.237,294.17,,,0.23,0.19,,,293.67,9.14,-0.00549316,87.1271,2.1,,22,-28.1085,2.29,0,2.03,
,34629,49.0184,12.0132,-12.2498,3.2,,2.29,,291.248,293.461,,,0.22,0.19,,,293.406,9.14,-0.00549316,95.2954,2.1,,22,-32.7667,1.93,0,2.04,
,34630,49.0184,12.0132,-18.8306,2.8,,2.33,,291.259,293.461,,,0.22,0.19,,,293.423,9.14,-0.00549316,95.2954,2.1,,22,-36.5955,1.74,0,1.92,
,34631,49.0184,12.0132,-15.9137,2.7,,2.28,,291.259,293.5,,,0.22,0.19,,,293.346,9.14,-0.00549316,103.975,2.08,,22,-38.3368,1.46,0,1.86,
,34632,49.0184,12.0132,-21.8298,2.5,,2.36,,291.27,293.5,,,0.22,0.19,,,293.478,9.14,-0.00549316,103.975,2.08,,22,-40.8032,1.45,0,1.78,
,34633,49.0184,12.0132,-24.5215,2.3,,2.3,,291.281,294.077,,,0.22,0.2,,,293.242,9.14,-0.00549316,108.49,2.07,,22,-55.415,1.4,0,1.78,
,34634,49.0184,12.0132,-38.4302,2.3,,2.37,,291.281,294.077,,,0.22,0.2,,,293.511,9.14,-0.00549316,108.49,2.07,,22,-59.8865,1.65,0,1.3,
,34635,49.0184,12.0131,-37.359,2.7,,2.37,,291.292,294.868,,,0.24,0.2,,,293.225,9.14,-0.00549316,109.479,2.07,,22,-61.7981,2,0,1.18,
,34636,49.0184,12.0131,-34.8157,2.8,,2.36,,291.302,294.868,,,0.24,0.2,,,293.351,9.14,-0.00549316,109.479,2.07,,22,-55.1678,1.92,0,1.11,
,34637,49.0184,12.0131,-37.7161,2.8,,2.34,,291.302,295.834,,,0.25,0.2,,,292.874,9.14,-0.00549316,106.974,2.11,,22,-60.6006,1.89,0,1.34,
,34638,49.0184,12.0131,-31.0638,2.5,,2.38,,291.313,295.834,,,0.25,0.2,,,293.351,9.15,-0.00549316,106.974,2.11,,22,-48.5046,1.5,0,1.14,
,34639,49.0184,12.0131,-29.2346,2.3,,2.29,,291.313,296.971,,,0.25,0.2,,,292.56,9.15,-0.00549316,101.64,2.13,,22,-56.9971,1.43,0,1.57,
,34640,49.0184,12.0131,-37.793,2.3,,2.39,,291.324,296.971,,,0.25,0.2,,,293.121,9.15,-0.00549316,101.64,2.13,,22,-64.8413,1.48,0,1.24,
,34641,49.0185,12.0131,-28.2239,2.5,,2.37,,291.324,297.955,,,0.24,0.2,,,292.181,9.15,-0.00549316,92.2083,2.14,,22,-51.8225,1.55,0,1.01,
,34642,49.0185,12.0131,-35.6726,2.5,,2.38,,291.335,297.955,,,0.24,0.2,,,292.83,9.15,-0.00549316,92.2083,2.14,,22,-57.4091,1.61,0,1.46,
,34643,49.0185,12.013,-31.5143,2.3,,2.38,,291.335,298.834,,,0.26,0.2,,,292.072,9.15,-0.00549316,83.6938,2.15,,22,-63.4351,1.47,0,1.28,
,34644,49.0185,12.013,-25.6256,2.3,,2.38,,291.335,298.834,,,0.26,0.2,,,292.385,9.15,-0.00549316,83.6938,2.15,,22,-56.5796,1.27,0,1.06,
,34645,49.0185,12.013,-30.9705,2.3,,2.37,,291.346,299.449,,,0.29,0.2,,,291.687,9.15,-0.00549316,76.2506,2.15,,22,-59.4745,1.41,0,1.31,
,34646,49.0185,12.013,-33.1458,2.5,,2.41,,291.346,299.449,,,0.29,0.2,,,292.319,9.15,-0.00549316,76.2506,2.15,,22,-58.689,1.61,0,1.2,
,34647,49.0185,12.013,-31.9867,2.5,,2.38,,291.346,299.872,,,0.31,0.2,,,291.346,9.15,-0.00549316,69.1425,2.17,,22,-58.0792,1.62,0,1.25,
,34648,49.0185,12.013,-29.7675,2.5,,2.41,,291.346,299.872,,,0.31,0.2,,,292.473,9.15,-0.00549316,69.1425,2.17,,22,-55.8215,1.58,0,1.25,
,34649,49.0185,12.0129,-32.7173,2.5,,2.39,,291.346,299.619,,,0.34,0.21,,,291.489,9.15,-0.00549316,65.3082,2.18,,22,-59.5404,1.63,0,1.35,
,34650,49.0185,12.0129,-23.1262,2.7,,2.41,,291.357,299.619,,,0.34,0.21,,,292.632,9.15,-0.00549316,65.3082,2.18,,22,-39.743,1.62,0,1.21,
,34651,49.0185,12.0129,-23.4943,2.5,,2.37,,291.357,298.619,,,0.35,0.21,,,291.879,9.15,-0.00549316,63.8965,2.19,,22,-33.5522,1.39,0,1.85,
,34652,49.0185,12.0129,-16.3202,2.5,,2.42,,291.357,298.619,,,0.35,0.21,,,292.852,9.15,-0.00549316,63.8965,2.19,,22,-36.1011,1.37,0,1.97,
,34653,49.0185,12.0129,-25.6915,2.5,,2.37,,291.357,297.197,,,0.33,0.21,,,292.637,9.16,-0.00549316,63.847,2.19,,22,-44.7144,1.47,0,1.95,
,34654,49.0185,12.0129,-23.5217,2.5,,2.41,,291.368,297.197,,,0.3,0.21,,,293.412,9.16,-0.00549316,67.121,2.19,,22,-36.8701,1.6,0,1.68,
,34655,49.0185,12.0128,-16.4246,2.8,,2.38,,291.368,295.724,,,0.3,0.21,,,292.462,9.16,-0.00549316,67.121,2.2,,22,-28.3942,1.66,0,1.92,
,34656,49.0185,12.0128,-20.9454,2.8,,2.39,,291.379,295.724,,,0.26,0.21,,,293.165,9.16,-0.00549316,71.8066,2.2,,22,-33.3875,1.68,0,2.09,
,34657,49.0185,12.0128,-21.0718,2.8,,2.36,,291.379,295.131,,,0.26,0.21,,,292.758,9.16,-0.00549316,71.8066,2.2,,22,-36.4307,1.61,0,1.99,
,34658,49.0185,12.0128,-19.6106,2.7,,2.42,,291.39,295.131,,,0.23,0.21,,,293.912,9.16,-0.00549316,79.4476,2.2,,22,-36.2769,1.58,0,1.89,
,34659,49.0185,12.0128,-35.9802,2.7,,2.36,,291.39,295.45,,,0.23,0.21,,,292.626,9.16,-0.00549316,79.4476,2.18,,22,-53.9923,1.9,0,1.94,
,34660,49.0185,12.0128,-32.5964,2.8,,2.39,,291.401,295.45,,,0.21,0.21,,,293.401,9.16,-0.00549316,84.8804,2.18,,22,-55.6512,1.91,0,1.38,
,34661,49.0185,12.0128,-39.3805,2.7,,2.38,,291.401,296.076,,,0.21,0.21,,,292.544,9.16,-0.00549316,84.8804,2.17,,22,-66.6815,1.74,0,1.34,
,34662,49.0185,12.0128,-23.7469,2.3,,2.41,,291.412,296.076,,,0.22,0.21,,,293.467,9.16,-0.00549316,87.1106,2.17,,22,-52.9651,1.32,0,0.94,
,34663,49.0186,12.0127,-25.7959,2.3,,2.36,,291.423,296.658,,,0.22,0.21,,,292.648,9.16,-0.00549316,87.1106,2.16,,22,-60.9576,1.44,0,1.44,
,34665,49.0186,12.0127,-23.7524,2.5,,2.46,,291.423,296.658,,,0.23,0.22,,,293.428,9.16,-0.00549316,86.369,2.16,,22,-44.4177,1.42,0,1.14,
,34666,49.0186,12.0127,-38.3258,2.7,,2.41,,291.434,297.208,,,0.23,0.22,,,292.731,9.16,-0.00549316,86.369,2.16,,22,-58.288,1.93,0,1.75,
,34667,49.0186,12.0127,-32.937,3,,2.42,,291.434,297.208,,,0.26,0.22,,,293.56,9.16,-0.00549316,85.7593,2.16,,22,-51.5314,2.05,0,1.26,
,34668,49.0186,12.0127,-34.7607,3,,2.38,,291.445,297.603,,,0.26,0.22,,,292.989,9.16,-0.00549316,85.7593,2.16,,22,-49.7461,2.05,0,1.5,
,34669,49.0186,12.0127,-28.9105,3,,2.42,,291.445,297.603,,,0.27,0.22,,,293.269,9.17,-0.00549316,83.3093,2.16,,22,-48.0267,2.01,0,1.53,
,34670,49.0186,12.0127,-34.5081,3,,2.36,,291.456,297.883,,,0.27,0.22,,,292.747,9.17,-0.00549316,83.3093,2.16,,22,-47.8015,2.03,0,1.61,
,34671,49.0186,12.0127,-27.0538,3,,2.42,,291.456,297.883,,,0.27,0.22,,,293.527,9.17,-0.00549316,80.4803,2.16,,22,-47.0215,2,0,1.58,
,34672,49.0186,12.0126,-29.9048,3,,2.37,,291.467,298.246,,,0.27,0.22,,,292.786,9.17,-0.00549316,80.4803,2.16,,22,-53.9923,1.9,0,1.64,
,34673,49.0186,12.0126,-25.7794,2.8,,2.33,,291.467,298.246,,,0.29,0.22,,,293.121,9.17,-0.00549316,77.6239,2.16,,22,-44.5386,1.81,0,1.39,
,34674,49.0186,12.0126,-27.1088,2.8,,2.37,,291.467,298.779,,,0.29,0.22,,,292.396,9.17,-0.00549316,77.6239,2.16,,22,-43.8519,1.78,0,1.66,
,34675,49.0186,12.0126,-24.4446,2.8,,2.36,,291.478,298.779,,,0.28,0.22,,,293.044,9.17,-0.00549316,71.9275,2.16,,22,-42.9401,1.77,0,1.7,
,34676,49.0186,12.0126,-25.9552,2.7,,2.32,,291.478,299.52,,,0.28,0.22,,,292.094,9.17,-0.00549316,71.9275,2.16,,22,-45.2472,1.71,0,1.72,
,34677,49.0186,12.0126,-27.2791,2.7,,2.36,,291.478,299.52,,,0.3,0.22,,,293.11,9.17,-0.00549316,67.2363,2.16,,22,-44.2639,1.69,0,1.63,
,34678,49.0186,12.0126,-24.126,2.5,,2.36,,291.489,300.004,,,0.3,0.22,,,291.846,9.17,-0.00549316,67.2363,2.13,,22,-43.3411,1.47,0,1.68,
,34679,49.0186,12.0126,-22.2858,2.5,,2.33,,291.489,300.004,,,0.32,0.22,,,292.879,9.17,-0.00549316,64.1107,2.13,,22,-40.2429,1.45,0,1.71,
,34680,49.0186,12.0125,-24.9445,2.3,,2.38,,291.489,300.081,,,0.32,0.23,,,291.797,9.17,-0.00549316,64.1107,2.12,,22,-47.8619,1.28,0,1.77,
,34681,49.0186,12.0125,-23.8458,2.3,,2.38,,291.489,300.081,,,0.34,0.23,,,292.538,9.17,-0.00549316,63.3966,2.12,,22,-46.2854,1.27,0,1.59,
,34682,49.0186,12.0125,-26.3892,2.3,,2.36,,291.489,300.114,,,0.34,0.23,,,291.544,9.17,-0.00549316,63.3966,2.11,,22,-56.4478,1.39,0,1.64,
,34683,49.0186,12.0125,-24.9225,2.3,,2.36,,291.5,300.114,,,0.36,0.23,,,292.302,9.17,-0.00549316,62.9626,2.11,,22,-50.5371,1.32,0,1.3,
,34684,49.0187,12.0125,-22.3242,2.3,,2.38,,291.5,300.52,,,0.36,0.23,,,291.132,9.18,-0.00549316,62.9626,2.11,,22,-51.048,1.2,0,1.49,
,34685,49.0187,12.0125,-28.6908,2.2,,2.34,,291.5,300.52,,,0.39,0.23,,,292.143,9.18,-0.00549316,63.6603,2.11,,22,-56.1786,1.05,0,1.49,
,34686,49.0187,12.0125,-25.6311,1.8,,2.38,,291.5,300.449,,,0.39,0.23,,,290.912,9.18,-0.00549316,63.6603,2.1,,22,-63.4351,0.87,0,1.3,
,34687,49.0187,12.0125,-20.1489,1.7,,2.37,,291.5,300.449,,,0.4,0.23,,,291.698,9.18,-0.00549316,62.3309,2.1,,22,-57.9144,0.69,0,1.06,
,34688,49.0187,12.0124,-24.8071,1.7,,2.39,,291.489,299.394,,,0.4,0.23,,,290.731,9.18,-0.00549316,62.3309,2.1,,22,-66.7145,0.78,0,1.25,
,34689,49.0187,12.0124,-10.8875,1.5,,2.41,,291.489,299.394,,,0.41,0.23,,,291.912,9.18,-0.00549316,62.9572,2.1,,22,-51.5973,0.37,0,0.94,
,34690,49.0187,12.0124,2.78503,1.3,,2.37,,291.489,298.092,,,0.41,0.23,,,290.621,9.18,-0.00549316,62.9572,2.1,,22,40.589,0.09,0,1.49,
,34691,49.0187,12.0124,-32.9919,1.3,,2.41,,291.489,298.092,,,0.41,0.23,,,291.78,9.18,-0.00549316,66.0828,2.1,,22,-90,0.39,0,1.79,
,34692,49.0187,12.0124,-0.697632,1.7,,2.41,,291.489,296.829,,,0.41,0.23,,,290.874,9.18,-0.00549316,66.0828,2.1,,22,-59.6667,0.81,0,0,
,34693,49.0187,12.0124,-7.44324,2,,2.45,,291.489,296.829,,,0.4,0.23,,,291.962,9.18,-0.00549316,70.6531,2.1,,22,-25.8893,0.77,0,1.21,
,34694,49.0187,12.0124,-12.9309,2.2,,2.39,,291.489,295.554,,,0.4,0.23,,,291.281,9.18,-0.00549316,70.6531,2.1,,22,-45.7141,1.15,0,2.2,
,34695,49.0187,12.0124,-17.8528,2.2,,2.42,,291.5,295.554,,,0.38,0.24,,,292.291,9.18,-0.00549316,75.8002,2.1,,22,-41.9733,1.21,0,1.66,
,34696,49.0187,12.0123,-18.1329,2.3,,2.41,,291.5,294.45,,,0.38,0.24,,,291.506,9.18,-0.00549316,75.8002,2.1,,22,-39.5453,1.19,0,1.79,
,34697,49.0187,12.0123,-11.3489,2.2,,2.42,,291.5,294.45,,,0.35,0.24,,,292.462,9.18,-0.00549316,81.969,2.1,,22,-35.3265,1.05,0,1.85,
,34698,49.0187,12.0123,-9.18457,2.2,,2.38,,291.5,294.027,,,0.33,0.24,,,291.231,9.19,-0.00549316,87.8961,2.1,,22,-10.0305,0.97,0,1.97,
,34699,49.0187,12.0123,7.99805,2,,2.41,,291.5,294.027,,,0.33,0.24,,,291.649,9.19,-0.00549316,87.8961,2.1,,22,27.1802,0.8,0,2.34,
,34700,49.0187,12.0122,4.5813,1.8,,2.38,,291.5,294.258,,,0.31,0.24,,,290.676,9.19,-0.00549316,89.989,2.13,,22,14.035,0.57,0,2.14,
,34701,49.0187,12.0122,-6.30615,1.5,,2.42,,291.5,294.258,,,0.31,0.24,,,291.248,9.19,-0.00549316,89.989,2.13,,22,-35.2936,0.29,0,2.3,
,34702,49.0187,12.0122,13.0463,1.5,,2.41,,291.5,294.543,,,0.3,0.24,,,290.863,9.19,-0.00549316,89.2914,2.14,,22,106.024,0.83,0,1.97,
,34703,49.0187,12.0122,32.4921,1.3,,2.41,,291.5,294.543,,,0.3,0.24,,,291.863,9.19,-0.00549316,89.2914,2.14,,22,102.25,0.7,0,-0.67,
,34704,49.0187,12.0122,15.0183,1.5,,2.39,,291.5,293.972,,,0.29,0.24,,,291.105,9.19,-0.00549316,89.7308,2.15,,22,61.0895,0.43,0,-0.52,
,34705,49.0187,12.0122,21.4563,1.5,,2.42,,291.5,293.972,,,0.29,0.24,,,292.516,9.19,-0.00549316,89.7308,2.15,,22,-72.9053,0.13,0,1.15,
,34707,49.0187,12.0122,-30.5145,1.3,,2.37,,291.5,293.214,,,0.27,0.24,,,291.627,9.19,-0.00549316,93.1915,2.15,,22,-99.4482,0.66,0,0.71,
,34708,49.0187,12.0122,-19.8907,1.5,,2.39,,291.5,293.214,,,0.27,0.24,,,292.654,9.19,-0.00549316,93.1915,2.15,,22,-71.5814,0.53,0,-0.39,
,34709,49.0187,12.0121,-19.6765,1.5,,2.41,,291.511,292.736,,,0.25,0.24,,,291.813,9.19,-0.00549316,97.6355,2.15,,22,-85.155,1.06,0,0.75,
,34710,49.0187,12.0121,-49.032,2,,2.42,,291.511,292.736,,,0.25,0.24,,,292.72,9.19,-0.00549316,97.6355,2.15,,22,-72.6746,1.47,0,0.2,
,34711,49.0187,12.0121,-39.8309,2.5,,2.38,,291.511,292.874,,,0.24,0.25,,,291.698,9.19,-0.00549316,101.706,2.18,,22,-68.5162,1.77,0,0.72,
,34712,49.0187,12.0121,-36.0846,2.5,,2.37,,291.511,292.874,,,0.24,0.25,,,292.566,9.19,-0.00549316,101.706,2.18,,22,-47.1698,1.5,0,0.87,
,34713,49.0188,12.0121,-32.5745,2.3,,2.36,,291.511,293.665,,,0.22,0.25,,,291.736,9.19,-0.00549316,102.228,2.19,,22,-52.5861,1.23,0,1.6,
,34714,49.0188,12.0121,2.09839,2,,2.39,,291.522,293.665,,,0.22,0.25,,,292.577,9.2,-0.00549316,102.228,2.19,,22,5.25146,0.76,0,1.43,
,34715,49.0188,12.0121,-13.2605,1.8,,2.39,,291.522,294.406,,,0.21,0.25,,,291.506,9.2,-0.00549316,99.0198,2.22,,22,-77.3767,1.69,0,2.37,
,34716,49.0188,12.0121,-40.0616,2.7,,2.39,,291.522,294.406,,,0.21,0.25,,,292.253,9.2,-0.00549316,99.0198,2.22,,22,-75.7727,2.11,0,0.52,
,34717,49.0188,12.012,-35.5957,2.5,,2.37,,291.522,294.769,,,0.2,0.25,,,291.292,9.2,-0.00549316,92.049,2.24,,22,-68.4229,1.54,0,0.58,
,34718,49.0188,12.012,-20.2588,2.2,,2.43,,291.522,294.769,,,0.2,0.25,,,292.269,9.2,-0.00549316,92.049,2.24,,22,-10.7062,0.75,0,0.87,
,34719,49.0188,12.012,-37.8754,2.2,,2.42,,291.522,295.428,,,0.19,0.25,,,291.204,9.2,-0.00549316,84.5178,2.2,,22,-76.0583,1.53,0,2.38,
,34720,49.0188,12.012,-29.5477,2.3,,2.41,,291.522,295.428,,,0.19,0.25,,,292.621,9.2,-0.00549316,84.5178,2.2,,22,-63.9844,1.91,0,0.58,
,34721,49.0188,12.012,-36.8427,3,,2.41,,291.522,295.862,,,0.21,0.25,,,291.791,9.2,-0.00549316,81.59,2.18,,22,-53.7506,2.09,0,1.05,
,34722,49.0188,12.012,-42.5006,3.4,,2.38,,291.533,295.862,,,0.21,0.25,,,292.857,9.2,-0.00549316,81.59,2.18,,22,-57.7936,2.58,0,1.42,
,34723,49.0188,12.0119,-49.5154,3.4,,2.37,,291.533,295.406,,,0.23,0.25,,,291.791,9.2,-0.00549316,81.5295,2.17,,22,-54.9481,2.54,0,1.26,
,34724,49.0188,12.0119,-57.7441,3.2,,2.41,,291.533,295.406,,,0.23,0.25,,,292.857,9.2,-0.00549316,81.5295,2.17,,22,-70.3784,2.55,0,1.35,
,34725,49.0188,12.0119,-51.0864,3.4,,2.43,,291.533,294.857,,,0.23,0.25,,,291.654,9.2,-0.00549316,81.6284,2.18,,22,-57.5464,2.34,0,0.8,
,34726,49.0188,12.0119,-45.1538,3.2,,2.37,,291.533,294.857,,,0.23,0.26,,,292.731,9.2,-0.00549316,81.6284,2.18,,22,-57.9254,2.37,0,1.3,
,34727,49.0188,12.0119,-53.6078,3.2,,2.39,,291.544,295.027,,,0.24,0.26,,,291.989,9.2,-0.00549316,84.4135,2.19,,22,-70.1147,2.35,0,1.25,
,34728,49.0188,12.0119,-52.652,3,,2.38,,291.544,295.027,,,0.24,0.26,,,292.95,9.2,-0.00549316,84.4135,2.19,,22,-73.4381,2.62,0,0.81,
,34729,49.0188,12.0119,-54.646,3.2,,2.38,,291.544,295.774,,,0.22,0.26,,,291.61,9.21,-0.00549316,82.5842,2.2,,22,-71.0211,2.58,0,0.67,
,34730,49.0188,12.0119,-45.2087,3.2,,2.45,,291.544,295.774,,,0.22,0.26,,,293.038,9.21,-0.00549316,82.5842,2.2,,22,-39.2322,2.32,0,0.77,
,34731,49.0188,12.0118,-42.8632,3.2,,2.45,,291.544,296.757,,,0.23,0.26,,,291.671,9.21,-0.00549316,82.0789,2.2,,22,-55.4205,2.3,0,1.89,
,34732,49.0188,12.0118,-34.9146,3,,2.38,,291.544,296.757,,,0.23,0.26,,,292.961,9.21,-0.00549316,82.0789,2.2,,22,-56.662,1.92,0,1.38,
,34733,49.0189,12.0118,-27.312,2.7,,2.41,,291.544,297.543,,,0.25,0.26,,,291.335,9.21,-0.00549316,79.184,2.2,,22,-57.5464,1.82,0,1.3,
,34734,49.0189,12.0118,-44.198,2.7,,2.41,,291.544,297.543,,,0.25,0.26,,,292.654,9.21,-0.00549316,79.184,2.2,,22,-42.7753,1.64,0,1.29,
,34735,49.0189,12.0118,-60.5347,2.5,,2.42,,291.555,298.004,,,0.25,0.26,,,290.901,9.21,-0.00549316,71.5265,2.22,,22,-81.9635,1.99,0,1.76,
,34736,49.0189,12.0118,-52.6685,2.5,,2.38,,291.555,298.004,,,0.25,0.26,,,291.923,9.21,-0.00549316,71.5265,2.22,,22,-83.3533,1.81,0,0.33,
,34737,49.0189,12.0118,-45.3076,2.2,,2.41,,291.555,298.257,,,0.28,0.26,,,290.632,9.21,-0.00549316,68.1976,2.24,,22,-76.1517,1.54,0,0.27,
,34738,49.0189,12.0118,-25.1752,2.2,,2.43,,291.544,298.257,,,0.28,0.26,,,291.451,9.21,-0.00549316,68.1976,2.24,,22,-52.5531,0.97,0,0.57,
,34739,49.0189,12.0117,-30.2618,2,,2.42,,291.544,298.268,,,0.28,0.26,,,290.314,9.21,-0.00549316,60.5017,2.24,,22,-76.6461,1.03,0,1.47,
,34740,49.0189,12.0117,-33.316,1.8,,2.41,,291.544,298.268,,,0.3,0.26,,,291.434,9.21,-0.00549316,58.0078,2.24,,22,-72.8613,0.98,0,0.55,
,34741,49.0189,12.0117,-31.9153,1.7,,2.5,,291.544,298.004,,,0.3,0.27,,,290.325,9.21,-0.00549316,58.0078,2.25,,22,-80.5518,0.91,0,0.7,
,34742,49.0189,12.0117,-33.1128,1.5,,2.41,,291.544,298.004,,,0.33,0.27,,,291.308,9.21,-0.00549316,59.6118,2.25,,22,-89.3079,0.82,0,0.41,
,34743,49.0189,12.0117,-34.2059,1.5,,2.49,,291.544,297.158,,,0.33,0.27,,,290.198,9.22,-0.00549316,59.6118,2.25,,22,-92.7521,0.83,0,0.02,
,34744,49.0189,12.0117,-41.7261,1.5,,2.46,,291.533,297.158,,,0.32,0.27,,,291.533,9.22,-0.00549316,60.238,2.25,,22,-98.5199,1.01,0,-0.12,
,34745,49.0189,12.0116,-47.1973,1.3,,2.49,,291.533,296.038,,,0.32,0.27,,,290.402,9.22,-0.00549316,60.238,2.26,,22,-123.173,0.96,0,-0.37,
,34746,49.0189,12.0116,-46.3293,1.1,,2.45,,291.533,296.038,,,0.3,0.27,,,291.61,9.22,-0.00549316,62.1881,2.26,,22,-122.503,0.94,0,-1.37,
,34747,49.0189,12.0116,-46.8127,1,,2.51,,291.533,295.225,,,0.3,0.27,,,290.44,9.22,-0.00549316,62.1881,2.26,,22,-114.933,1.11,0,-1.32,
,34748,49.0189,12.0116,-62.8088,1.7,,2.5,,291.533,295.225,,,0.3,0.27,,,291.808,9.22,-0.00549316,68.1482,2.26,,22,-108.528,1.6,0,-1.06,
,34750,49.0189,12.0116,-50.4657,1.7,,2.49,,291.533,294.686,,,0.3,0.27,,,290.632,9.22,-0.00549316,68.1482,2.26,,22,-103.453,1.46,0,-0.8,
,34751,49.0189,12.0116,-58.2605,1.8,,2.45,,291.533,294.686,,,0.28,0.27,,,291.78,9.22,-0.00549316,71.521,2.26,,22,-101.799,1.56,0,-0.58,
,34752,49.019,12.0115,-56.0797,1.8,,2.5,,291.533,294.445,,,0.28,0.27,,,290.61,9.22,-0.00549316,71.521,2.26,,22,-100.937,1.52,0,-0.51,
,34753,49.019,12.0115,-65.4565,2,,2.45,,291.533,294.445,,,0.26,0.27,,,291.863,9.22,-0.00549316,74.6686,2.26,,22,-107.045,1.7,0,-0.48,
,34754,49.019,12.0115,-65.8685,1.7,,2.49,,291.533,294.335,,,0.26,0.27,,,290.781,9.22,-0.00549316,74.6686,2.27,,22,-110.83,1.65,0,-0.72,
,34755,49.019,12.0115,-65.8026,1.5,,2.5,,291.533,294.335,,,0.26,0.27,,,291.863,9.22,-0.00549316,76.8164,2.27,,22,-111.934,1.39,0,-0.89,
,34756,49.019,12.0115,-46.8018,1.5,,2.51,,291.533,294.225,,,0.26,0.27,,,290.742,9.22,-0.00549316,76.8164,2.29,,22,-103.782,1.13,0,-0.94,
,34757,49.019,12.0115,-62.3969,1.7,,2.45,,291.533,294.225,,,0.25,0.28,,,291.835,9.22,-0.00549316,77.7557,2.29,,22,-107.628,1.58,0,-0.6,
,34758,49.019,12.0115,-50.7349,1.5,,2.5,,291.533,294.049,,,0.25,0.28,,,290.995,9.22,-0.00549316,77.7557,2.29,,22,-104.507,1.15,0,-0.75,
,34759,49.019,12.0115,-47.9883,1.5,,2.46,,291.533,294.049,,,0.24,0.28,,,291.753,9.23,-0.00549316,77.6184,2.29,,22,-103.546,1.15,0,-0.63,
,34760,49.019,12.0114,-46.9226,1.7,,2.49,,291.533,293.824,,,0.24,0.28,,,290.967,9.23,-0.00549316,77.6184,2.3,,22,-85.0397,1.15,0,-0.58,
,34761,49.019,12.0114,-58.7219,2.2,,2.45,,291.522,293.824,,,0.23,0.28,,,291.835,9.23,-0.00549316,77.8876,2.3,,22,-92.1643,1.85,0,0.21,
,34762,49.019,12.0114,-54.9866,2.2,,2.52,,291.522,293.599,,,0.23,0.28,,,290.671,9.23,-0.00549316,77.8876,2.3,,22,-92.4994,1.83,0,-0.1,
,34763,49.019,12.0114,-58.7384,2.2,,2.43,,291.522,293.599,,,0.23,0.28,,,291.594,9.23,-0.00549316,80.1672,2.3,,22,-93.3453,1.88,0,-0.11,
,34764,49.019,12.0114,-58.4967,2,,2.52,,291.522,293.643,,,0.23,0.28,,,290.226,9.23,-0.00549316,80.1672,2.3,,22,-98.6353,1.72,0,-0.15,
,34765,49.019,12.0114,-39.4519,1.8,,2.46,,291.522,293.643,,,0.22,0.28,,,291.072,9.23,-0.00549316,76.9702,2.3,,22,-84.0509,1.15,0,-0.38,
,34766,49.019,12.0113,-40.6165,1.7,,2.5,,291.522,293.736,,,0.22,0.28,,,290.028,9.23,-0.00549316,76.9702,2.3,,22,-90,1.11,0,0.25,
,34767,49.019,12.0113,-53.6847,1.5,,2.46,,291.511,293.736,,,0.23,0.28,,,290.94,9.23,-0.00549316,77.1021,2.3,,22,-101.459,1.4,0,0,
,34768,49.019,12.0113,-53.1189,1.7,,2.47,,291.511,293.747,,,0.23,0.28,,,289.616,9.23,-0.00549316,77.1021,2.3,,22,-102.437,1.57,0,-0.49,
,34769,49.019,12.0113,-63.9514,1.8,,2.46,,291.511,293.747,,,0.23,0.28,,,290.94,9.23,-0.00549316,75.2069,2.3,,22,-106.49,1.68,0,-0.54,
,34770,49.019,12.0113,-58.9252,1.7,,2.52,,291.5,293.395,,,0.23,0.28,,,289.819,9.23,-0.00549316,75.2069,2.3,,22,-94.7186,1.21,0,-0.7,
,34771,49.019,12.0113,-45.1263,1.7,,2.45,,291.5,293.395,,,0.23,0.29,,,290.978,9.23,-0.00549316,73.3942,2.3,,22,-106.688,1.25,0,-0.21,
,34772,49.019,12.0112,-56.6895,1.3,,2.5,,291.5,292.846,,,0.23,0.29,,,289.803,9.23,-0.00549316,73.3942,2.32,,22,-117.993,1.23,0,-0.71,
,34773,49.019,12.0112,-56.6455,1.1,,2.47,,291.489,292.846,,,0.22,0.29,,,291.187,9.24,-0.00549316,75.5914,2.32,,22,-130.468,1.07,0,-1.18,
,34774,49.019,12.0112,-40.8746,0.8,,2.49,,291.489,292.352,,,0.22,0.29,,,290.056,9.24,-0.00549316,75.5914,2.31,,22,-142.086,0.86,0,-1.61,
,34775,49.019,12.0112,1.79077,1,,2.43,,291.489,292.352,,,0.2,0.29,,,291.396,9.24,-0.00549316,78.371,2.31,,22,-66.5057,0.75,0,-1.97,
,34776,49.0191,12.0112,-8.84399,2.2,,2.5,,291.489,291.819,,,0.2,0.29,,,290.204,9.24,-0.00549316,78.371,2.31,,22,-36.6394,1.02,0,0.96,
,34777,49.0191,12.0112,-17.0068,2.2,,2.43,,291.489,291.819,,,0.18,0.29,,,291.346,9.24,-0.00549316,82.7765,2.31,,22,-36.6669,1.17,0,2,
,34778,49.0191,12.0112,-18.6877,2.3,,2.46,,291.489,291.434,,,0.18,0.29,,,290.506,9.24,-0.00549316,82.7765,2.28,,22,-53.4045,1.3,0,1.94,
,34779,49.0191,12.0112,-23.0823,2.3,,2.39,,291.478,291.434,,,0.18,0.29,,,291.539,9.24,-0.00549316,90.0989,2.28,,22,-40.6384,1.21,0,1.46,
,34780,49.0191,12.0111,-22.066,2.2,,2.49,,291.478,291.346,,,0.18,0.29,,,290.473,9.24,-0.00549316,90.0989,2.25,,22,-53.9923,0.95,0,1.81,
,34781,49.0191,12.0111,-10.2832,2,,2.41,,291.478,291.346,,,0.17,0.29,,,291.791,9.24,-0.00549316,96.817,2.25,,22,-59.6722,1.28,0,1.46,
,34782,49.0191,12.0111,-23.6261,2.5,,2.47,,291.478,291.456,,,0.19,0.29,,,290.627,9.24,-0.00549316,102.799,2.25,,22,-43.2751,1.41,0,1.21,
,34783,49.0191,12.0111,-24.8126,2.3,,2.43,,291.478,291.456,,,0.19,0.29,,,291.725,9.24,-0.00549316,102.799,2.25,,22,-44.3243,1.23,0,1.79,
,34784,49.0191,12.0111,-30.52,2.2,,2.47,,291.478,291.742,,,0.19,0.29,,,290.385,9.24,-0.00549316,104.579,2.25,,22,-70.6915,1.42,0,1.73,
,34785,49.0191,12.0111,-28.3447,2.2,,2.41,,291.478,291.742,,,0.19,0.29,,,291.649,9.24,-0.00549316,104.579,2.25,,22,-57.5793,1.26,0,0.81,
,34786,49.0191,12.011,-33.4753,2,,2.47,,291.478,292.22,,,0.19,0.3,,,290.391,9.24,-0.00549316,102.519,2.26,,22,-61.0455,1.28,0,1.29,
,34787,49.0191,12.011,-29.1138,2.2,,2.41,,291.478,292.22,,,0.19,0.3,,,291.94,9.25,-0.00549316,102.519,2.26,,22,-27.5537,1.01,0,1.19,
,34788,49.0191,12.011,-14.2493,2,,2.49,,291.478,292.703,,,0.18,0.3,,,290.621,9.25,-0.00549316,99.0033,2.26,,22,-37.5513,0.82,0,2.13,
,34789,49.0191,12.011,-11.9421,1.7,,2.45,,291.478,292.703,,,0.18,0.3,,,291.583,9.25,-0.00549316,99.0033,2.26,,22,-41.9733,0.53,0,1.97,
,34790,49.0191,12.011,-26.1859,1.5,,2.43,,291.478,293.055,,,0.19,0.3,,,290.473,9.25,-0.00549316,95.7349,2.26,,22,-99.4482,0.6,0,1.81,
,34791,49.0191,12.011,-15.6995,1.3,,2.46,,291.478,293.055,,,0.19,0.3,,,291.539,9.25,-0.00549316,95.7349,2.26,,22,-93.175,0.36,0,-0.4,
,34793,49.0191,12.011,-9.33838,1.5,,2.47,,291.478,293.357,,,0.2,0.3,,,290.325,9.25,-0.00549316,91.9446,2.26,,22,-51.3556,0.32,0,-0.14,
,34794,49.0191,12.011,-16.7432,1.7,,2.45,,291.467,293.357,,,0.2,0.3,,,291.605,9.25,-0.00549316,91.9446,2.26,,22,-53.7122,0.6,0,1.54,
,34795,49.0191,12.0109,-10.2393,1.5,,2.49,,291.467,293.362,,,0.2,0.3,,,290.259,9.25,-0.00549316,88.8409,2.26,,22,-93.8123,0.3,0,1.44,
,34796,49.0191,12.0109,-21.8353,1.1,,2.49,,291.467,293.362,,,0.2,0.3,,,291.621,9.25,-0.00549316,88.8409,2.26,,22,-123.344,0.49,0,-0.17,
,34797,49.0191,12.0109,-21.8024,1,,2.5,,291.467,293.132,,,0.2,0.3,,,290.632,9.25,-0.00549316,86.8524,2.26,,22,-130.485,0.63,0,-1.37,
,34798,49.0191,12.0109,-31.5857,0.8,,2.47,,291.467,293.132,,,0.2,0.3,,,291.599,9.25,-0.00549316,86.8524,2.26,,22,-144.575,0.72,0,-1.63,
,34799,49.0191,12.0109,-30.4596,0.8,,2.5,,291.467,293.088,,,0.21,0.3,,,290.918,9.25,-0.00549316,88.786,2.28,,22,-145.662,0.72,0,-2.02,
,34800,49.0191,12.0109,-32.113,0.8,,2.51,,291.467,293.088,,,0.21,0.3,,,292.022,9.25,-0.00549316,88.786,2.28,,22,-145.267,0.75,0,-2.07,
,34801,49.0191,12.0108,-29.5587,0.6,,2.49,,291.467,293.11,,,0.21,0.3,,,291.121,9.25,-0.00549316,90.7361,2.31,,22,-158.478,0.81,0,-2.07,
,34802,49.0191,12.0108,-30.6354,0.6,,2.49,,291.467,293.11,,,0.21,0.31,,,292.747,9.26,-0.00549316,90.7361,2.31,,22,-158.088,0.83,0,-2.32,
,34803,49.0191,12.0108,-7.92664,1,,2.42,,291.467,293.038,,,0.2,0.31,,,291.599,9.26,-0.00549316,93.9551,2.31,,22,-162.268,0.26,0,-2.31,
,34804,49.0191,12.0108,7.56409,1.3,,2.49,,291.467,293.038,,,0.2,0.31,,,292.967,9.26,-0.00549316,93.9551,2.31,,22,90,0.17,0,-2.31,
,34805,49.0191,12.0108,8.12988,1.3,,2.49,,291.478,292.698,,,0.17,0.31,,,292.286,9.26,-0.00549316,97.3883,2.31,,22,-68.2196,0.43,0,0,
,34806,49.0191,12.0108,-2.59827,1.7,,2.46,,291.478,292.698,,,0.17,0.31,,,292.659,9.26,-0.00549316,97.3883,2.31,,22,14.6063,0.23,0,0.92,
,34807,49.0192,12.0107,-2.60925,1.5,,2.43,,291.478,292.747,,,0.17,0.31,,,292.346,9.26,-0.00549316,102.173,2.31,,22,-16.2433,0.25,0,2.37,
,34808,49.0192,12.0107,7.01477,1.7,,2.51,,291.478,292.747,,,0.17,0.31,,,292.731,9.26,-0.00549316,102.173,2.31,,22,1.14258,0.5,0,2.33,
,34809,49.0192,12.0107,-14.5953,2,,2.43,,291.478,293.06,,,0.16,0.31,,,292.703,9.26,-0.00549316,104.167,2.31,,22,-17.4133,1.06,0,2.5,
,34810,49.0192,12.0107,4.31763,2.3,,2.5,,291.489,293.06,,,0.16,0.31,,,292.934,9.26,-0.00549316,104.167,2.31,,22,-10.9094,1.42,0,2.31,
,34811,49.0192,12.0107,-5.71289,2.7,,2.42,,291.489,293.5,,,0.16,0.31,,,292.659,9.26,-0.00549316,106.76,2.29,,22,-14.5953,1.46,0,2.45,
,34812,49.0192,12.0107,-7.21802,2.8,,2.46,,291.489,293.5,,,0.16,0.31,,,292.83,9.26,-0.00549316,106.76,2.29,,22,2.61475,1.53,0,2.33,
,34813,49.0192,12.0106,-7.61902,2.8,,2.42,,291.489,293.967,,,0.16,0.31,,,292.967,9.26,-0.00549316,104.518,2.27,,22,-13.3649,1.46,0,2.45,
,34814,49.0192,12.0106,-2.26318,2.7,,2.47,,291.5,293.967,,,0.16,0.31,,,292.495,9.26,-0.00549316,104.518,2.27,,22,-9.65149,1.43,0,2.35,
,34815,49.0192,12.0106,-4.93286,2.7,,2.39,,291.5,294.609,,,0.16,0.31,,,292.879,9.26,-0.00549316,99.8383,2.26,,22,-5.88318,1.26,0,2.43,
,34816,49.0192,12.0106,-18.4735,2.7,,2.51,,291.5,294.609,,,0.16,0.32,,,292.742,9.26,-0.00549316,99.8383,2.26,,22,-13.2275,1.22,0,2.37,
,34817,49.0192,12.0106,-29.4489,2.5,,2.42,,291.5,295.131,,,0.17,0.32,,,292.945,9.27,-0.00549316,94.8724,2.25,,22,-39.787,1.4,0,2.44,
,34818,49.0192,12.0106,-9.27246,2.7,,2.47,,291.511,295.131,,,0.17,0.32,,,292.473,9.27,-0.00549316,94.8724,2.25,,22,-24.6478,1.48,0,1.85,
,34819,49.0192,12.0106,-10.6073,2.7,,2.39,,291.511,295.648,,,0.19,0.32,,,292.637,9.27,-0.00549316,90.9558,2.25,,22,-14.458,1.28,0,2.24,
,34820,49.0192,12.0106,-12.9584,2.2,,2.49,,291.511,295.648,,,0.19,0.32,,,291.978,9.27,-0.00549316,90.9558,2.25,,22,-47.005,1.21,0,2.31,
,34821,49.0192,12.0105,-22.3517,2.3,,2.39,,291.511,296.202,,,0.21,0.32,,,292.429,9.27,-0.00549316,86.6272,2.25,,22,-36.0791,1.18,0,1.69,
,34822,49.0192,12.0105,-4.64722,2.3,,2.46,,291.511,296.202,,,0.21,0.32,,,291.61,9.27,-0.00549316,86.6272,2.25,,22,-2.45544,0.93,0,1.92,
,34823,49.0192,12.0105,-17.5891,2.2,,2.39,,291.511,296.686,,,0.22,0.32,,,292.363,9.27,-0.00549316,80.755,2.24,,22,-22.1649,1.11,0,2.45,
,34824,49.0192,12.0105,-11.1566,2.3,,2.46,,291.511,296.686,,,0.22,0.32,,,291.072,9.27,-0.00549316,80.755,2.24,,22,-39.6552,1.06,0,2.21,
,34825,49.0192,12.0105,-17.4573,2.3,,2.39,,291.511,297.164,,,0.24,0.32,,,292.022,9.27,-0.00549316,75.1904,2.22,,22,-3.23547,1.06,0,1.89,
,34826,49.0192,12.0105,-6.26221,2.3,,2.47,,291.511,297.164,,,0.26,0.32,,,290.836,9.27,-0.00549316,71.9,2.22,,22,-19.5337,1.46,0,2.38,
,34827,49.0192,12.0105,-16.2762,3,,2.38,,291.511,297.488,,,0.26,0.32,,,291.517,9.27,-0.00549316,71.9,2.19,,22,-40.199,1.95,0,2.32,
,34828,49.0192,12.0105,3.35632,3.2,,2.43,,291.511,297.488,,,0.29,0.32,,,290.05,9.27,-0.00549316,69.2853,2.19,,22,31.3605,1.65,0,1.81,
,34829,49.0193,12.0104,-7.98157,3.2,,2.39,,291.511,297.911,,,0.29,0.32,,,291.231,9.27,-0.00549316,69.2853,2.17,,22,-11.2994,1.58,0,2.07,
,34830,49.0193,12.0104,-22.0715,2.8,,2.42,,291.511,297.911,,,0.32,0.32,,,289.968,9.27,-0.00549316,66.9012,2.17,,22,-6.22375,1.75,0,2.34,
,34831,49.0193,12.0104,-25.7465,2.8,,2.39,,291.5,297.971,,,0.32,0.33,,,290.901,9.28,-0.00549316,66.9012,2.16,,22,-34.7388,2.1,0,2.4,
,34832,49.0193,12.0104,-15.3369,3.2,,2.43,,291.5,297.971,,,0.34,0.33,,,289.968,9.28,-0.00549316,65.4016,2.16,,22,-17.6056,1.98,0,1.96,
,34833,49.0193,12.0104,-24.2853,3.4,,2.38,,291.5,297.784,,,0.34,0.33,,,290.989,9.28,-0.00549316,65.4016,2.15,,22,-11.8597,2.18,0,2.31,
,34834,49.0193,12.0104,-16.7926,3.4,,2.45,,291.5,297.784,,,0.36,0.33,,,289.863,9.28,-0.00549316,65.2313,2.15,,22,-19.1492,1.97,0,2.32,
,34836,49.0193,12.0104,-27.29,3.2,,2.37,,291.5,297.208,,,0.36,0.33,,,291.281,9.28,-0.00549316,65.2313,2.13,,22,-33.3655,2.1,0,2.31,
,34837,49.0193,12.0104,-22.6813,3.2,,2.42,,291.489,297.208,,,0.36,0.33,,,290.061,9.28,-0.00549316,66.5826,2.13,,22,-34.4476,2.08,0,1.97,
,34838,49.0193,12.0103,-19.0668,2.8,,2.37,,291.489,296.312,,,0.36,0.33,,,291.621,9.28,-0.00549316,66.5826,2.11,,22,-29.7729,1.67,0,1.99,
,34839,49.0193,12.0103,-17.1112,2.7,,2.42,,291.489,296.312,,,0.36,0.33,,,290.292,9.28,-0.00549316,69.3237,2.11,,22,-37.6776,1.39,0,2.05,
,34840,49.0193,12.0103,-20.4236,2.5,,2.36,,291.489,295.631,,,0.36,0.33,,,291.583,9.28,-0.00549316,69.3237,2.11,,22,-30.2948,1.36,0,1.91,
,34841,49.0193,12.0103,-21.4343,2.3,,2.42,,291.489,295.631,,,0.35,0.33,,,290.116,9.28,-0.00549316,72.9327,2.11,,22,-67.5165,1.51,0,2.03,
,34842,49.0193,12.0103,-47.0929,2.2,,2.36,,291.489,295.252,,,0.35,0.33,,,291.808,9.28,-0.00549316,72.9327,2.1,,22,-48.7299,1.19,0,0.92,
,34843,49.0193,12.0103,-16.7871,2,,2.38,,291.489,295.252,,,0.34,0.33,,,290.566,9.28,-0.00549316,75.5255,2.1,,22,-67.3077,1.52,0,1.55,
,34844,49.0193,12.0102,-16.9244,2.7,,2.34,,291.478,295.137,,,0.34,0.33,,,291.758,9.28,-0.00549316,75.5255,2.1,,22,-40.8527,1.66,0,0.91,
,34845,49.0193,12.0102,-25.4608,2.5,,2.37,,291.478,295.137,,,0.33,0.33,,,290.632,9.28,-0.00549316,77.7448,2.1,,22,-61.8805,1.46,0,1.76,
,34846,49.0193,12.0102,-11.5082,2.5,,2.3,,291.478,295.28,,,0.33,0.33,,,291.747,9.28,-0.00549316,77.7448,2.1,,22,-17.3199,1.14,0,1.11,
,34847,49.0193,12.0102,-21.5167,2.2,,2.41,,291.478,295.28,,,0.31,0.34,,,290.709,9.29,-0.00549316,78.2776,2.1,,22,-46.4282,1.14,0,2.19,
,34848,49.0194,12.0102,-27.3615,2.2,,2.38,,291.478,295.4,,,0.31,0.34,,,291.665,9.29,-0.00549316,78.2776,2.06,,22,-38.573,1.2,0,1.65,
,34849,49.0194,12.0102,-15.5017,2.2,,2.41,,291.478,295.4,,,0.33,0.34,,,290.682,9.29,-0.00549316,81.7767,2.06,,22,-38.2269,1.08,0,1.85,
,34850,49.0194,12.0102,-22.4506,2,,2.36,,291.478,295.461,,,0.33,0.34,,,291.5,9.29,-0.00549316,81.7767,2.06,,22,-50.7184,0.99,0,1.89,
,34851,49.0194,12.0102,-17.5946,1.8,,2.43,,291.478,295.461,,,0.34,0.34,,,290.797,9.29,-0.00549316,82.7106,2.06,,22,-50.1086,0.71,0,1.49,
,34852,49.0194,12.0101,-19.1437,1.7,,2.39,,291.478,295.571,,,0.34,0.34,,,291.907,9.29,-0.00549316,82.7106,2.08,,22,-56.5686,0.67,0,1.55,
,34853,49.0194,12.0101,-14.3701,1.5,,2.42,,291.478,295.571,,,0.35,0.34,,,291.121,9.29,-0.00549316,83.595,2.08,,22,-62.265,0.42,0,1.31,
,34854,49.0194,12.0101,-22.8735,1.3,,2.37,,291.478,295.697,,,0.35,0.34,,,291.665,9.29,-0.00549316,83.595,2.09,,22,-97.4652,0.61,0,1.12,
,34855,49.0194,12.0101,-30.7397,1.1,,2.43,,291.478,295.697,,,0.36,0.34,,,290.77,9.29,-0.00549316,84.1223,2.09,,22,-118.521,0.64,0,-0.31,
,34856,49.0194,12.0101,-31.8054,1,,2.37,,291.467,295.384,,,0.36,0.34,,,291.522,9.29,-0.00549316,84.1223,2.07,,22,-141.356,0.7,0,-1.16,
,34857,49.0194,12.0101,-32.8711,0.8,,2.43,,291.467,295.384,,,0.36,0.34,,,290.819,9.29,-0.00549316,84.0839,2.07,,22,-158.351,0.78,0,-1.85,
,34858,49.0194,12.0101,-28.916,0.6,,2.37,,291.467,295.115,,,0.36,0.34,,,291.242,9.29,-0.00549316,84.0839,2.07,,22,-147.167,0.57,0,-2.26,
,34859,49.0194,12.0101,8.19031,1,,2.41,,291.467,295.115,,,0.37,0.34,,,290.929,9.29,-0.00549316,85.199,2.07,,22,151.721,0.29,0,-2,
,34860,49.0194,12.01,-7.53662,1.1,,2.37,,291.467,295.142,,,0.37,0.34,,,291.319,9.29,-0.00549316,85.199,2.1,,22,-84.9683,0.34,0,-2.13,
,34861,49.0194,12.01,14.7656,1.3,,2.45,,291.467,295.142,,,0.37,0.34,,,291.033,9.3,-0.00549316,85.8142,2.1,,22,91.7303,0.33,0,0.2,
,34862,49.0194,12.01,13.2825,1.3,,2.38,,291.467,295.302,,,0.37,0.35,,,291.033,9.3,-0.00549316,85.8142,2.12,,22,15.9302,0.07,0,-0.08,
,34863,49.0194,12.01,7.01477,1.3,,2.42,,291.467,295.302,,,0.36,0.35,,,290.742,9.3,-0.00549316,85.2649,2.12,,22,75.0806,0.15,0,2.28,
,34864,49.0194,12.01,10.7501,1.1,,2.41,,291.467,295.395,,,0.36,0.35,,,291.149,9.3,-0.00549316,85.2649,2.13,,22,158.22,0.16,0,0.62,
,34865,49.0194,12.01,-0.532837,1.1,,2.47,,291.456,295.395,,,0.35,0.35,,,290.819,9.3,-0.00549316,84.1223,2.13,,22,-173.666,0.18,0,-2.24,
,34866,49.0194,12.0099,-1.1261,1.1,,2.42,,291.456,295.395,,,0.35,0.35,,,290.621,9.3,-0.00549316,84.1223,2.13,,22,-161.581,0.15,0,-2.46,
,34867,49.0194,12.0099,-2.79053,1,,2.43,,291.456,295.395,,,0.34,0.35,,,290.671,9.3,-0.00549316,82.6501,2.13,,22,-169.124,0.26,0,-2.3,
,34868,49.0194,12.0099,-8.17932,0.8,,2.43,,291.456,295.483,,,0.35,0.35,,,290.303,9.3,-0.00549316,82.6831,2.14,,22,-165.394,0.47,0,-2.39,
,34869,49.0194,12.0099,-16.1938,0.8,,2.43,,291.456,295.483,,,0.35,0.35,,,290.912,9.3,-0.00549316,82.6831,2.14,,22,-154.874,0.54,0,-2.35,
,34870,49.0195,12.0099,-20.7697,0.8,,2.39,,291.456,295.362,,,0.35,0.35,,,290.5,9.3,-0.00549316,81.4362,2.14,,22,-150.864,0.59,0,-2.2,
,34871,49.0195,12.0099,-27.0099,0.6,,2.49,,291.456,295.362,,,0.35,0.35,,,291.094,9.3,-0.00549316,81.4362,2.14,,22,-158.763,0.77,0,-2.14,
,34872,49.0195,12.0098,-35.2386,0.6,,2.49,,291.445,294.977,,,0.35,0.35,,,290.385,9.3,-0.00549316,83.3752,2.12,,22,-156.638,0.88,0,-2.27,
,34873,49.0195,12.0098,-36.145,0.6,,2.49,,291.445,294.977,,,0.35,0.35,,,291.264,9.3,-0.00549316,83.3752,2.12,,22,-154.374,0.83,0,-2.31,
,34874,49.0195,12.0098,-36.7932,0.5,,2.45,,291.445,294.725,,,0.36,0.35,,,290.385,9.3,-0.00549316,86.3525,2.11,,22,-160.994,0.92,0,-2.16,
,34875,49.0195,12.0098,-36.7932,0.5,,2.47,,291.445,294.725,,,0.36,0.35,,,291.302,9.3,-0.00549316,86.3525,2.11,,22,-159.873,0.95,0,-2.32,
,34876,49.0195,12.0098,-40.578,0.5,,2.46,,291.445,294.521,,,0.36,0.35,,,290.726,9.31,-0.00549316,87.7258,2.11,,22,-159.873,0.95,0,-2.32,
,34878,49.0195,12.0098,-41.3141,0.5,,2.5,,291.445,294.521,,,0.36,0.36,,,291.61,9.31,-0.00549316,87.7258,2.11,,22,-159.664,0.94,0,-2.32,
,34879,49.0195,12.0098,-41.6656,0.5,,2.51,,291.445,294.307,,,0.37,0.36,,,290.566,9.31,-0.00549316,90.8075,2.13,,22,-159.725,0.98,0,-2.3,
,34880,49.0195,12.0098,-41.6656,0.5,,2.49,,291.445,294.307,,,0.37,0.36,,,291.588,9.31,-0.00549316,90.8075,2.13,,22,-168.805,1.08,0,-2.36,
,34881,49.0195,12.0098,-41.8854,0.3,,2.5,,291.445,294.126,,,0.37,0.36,,,290.418,9.31,-0.00549316,92.3126,2.14,,22,-168.805,1.08,0,-2.45,
,34882,49.0195,12.0098,-41.8854,0.3,,2.55,,291.445,294.126,,,0.37,0.36,,,291.418,9.31,-0.00549316,92.3126,2.14,,22,-176.776,1.24,0,-2.45,
,34883,49.0195,12.0097,-40.8746,0.1,,2.47,,291.445,293.835,,,0.38,0.36,,,290.748,9.31,-0.00549316,94.054,2.15,,22,-176.776,1.24,0,-2.55,
,34884,49.0195,12.0097,-40.8746,0.1,,2.51,,291.445,293.835,,,0.38,0.36,,,291.654,9.31,-0.00549316,94.054,2.15,,22,-176.776,1.24,0,-2.55,
,34885,49.0195,12.0097,-40.8746,0.1,,2.52,,291.445,293.912,,,0.36,0.36,,,290.742,9.31,-0.00549316,95.1471,2.17,,22,-176.721,1.22,0,-2.55,
,34886,49.0195,12.0097,-37.8589,0.1,,2.46,,291.445,293.912,,,0.36,0.36,,,291.725,9.31,-0.00549316,95.1471,2.17,,22,-176.721,1.22,0,-2.52,
,34887,49.0195,12.0097,-37.8589,0.1,,2.55,,291.445,294.06,,,0.35,0.36,,,290.781,9.31,-0.00549316,95.8612,2.18,,22,-176.721,1.22,0,-2.52,
,34888,49.0195,12.0097,-27.3889,0.1,,2.5,,291.445,294.06,,,0.35,0.36,,,291.835,9.31,-0.00549316,95.8612,2.18,,22,-177.621,1.2,0,-2.52,
,34889,49.0195,12.0096,-27.3889,0.1,,2.51,,291.445,294.192,,,0.34,0.36,,,290.687,9.31,-0.00549316,95.658,2.17,,22,-177.621,1.2,0,-2.5,
,34890,49.0195,12.0096,-39.8254,0.3,,2.5,,291.445,294.192,,,0.34,0.36,,,291.813,9.31,-0.00549316,95.658,2.17,,22,-169.321,1.07,0,-2.5,
,34891,49.0195,12.0096,-39.8254,0.3,,2.52,,291.445,294.197,,,0.34,0.36,,,290.506,9.32,-0.00549316,95.1361,2.17,,22,-169.321,1.07,0,-2.46,
,34892,49.0195,12.0096,-46.0547,0.3,,2.51,,291.445,294.197,,,0.34,0.37,,,291.747,9.32,-0.00549316,95.1361,2.17,,22,-168.289,1.08,0,-2.46,
,34893,49.0195,12.0096,-46.0547,0.3,,2.5,,291.445,294.472,,,0.33,0.37,,,290.555,9.32,-0.00549316,94.0649,2.18,,22,-168.289,1.08,0,-2.4,
,34894,49.0195,12.0096,-48.6584,0.3,,2.49,,291.445,294.472,,,0.33,0.37,,,291.693,9.32,-0.00549316,94.0649,2.18,,22,-167.882,1.09,0,-2.4,
,34895,49.0195,12.0096,-48.6584,0.3,,2.54,,291.445,294.659,,,0.34,0.37,,,290.599,9.32,-0.00549316,92.6202,2.19,,22,-167.882,1.09,0,-2.41,
,34896,49.0195,12.0096,-54.0143,0.3,,2.5,,291.445,294.659,,,0.34,0.37,,,291.731,9.32,-0.00549316,92.6202,2.19,,22,-167.212,1.12,0,-2.41,
,34897,49.0195,12.0095,-34.6838,0.5,,2.52,,291.445,294.554,,,0.34,0.37,,,290.627,9.32,-0.00549316,91.225,2.17,,22,-161.966,0.93,0,-2.41,
,34898,49.0195,12.0095,-34.6838,0.5,,2.47,,291.445,294.554,,,0.34,0.37,,,291.78,9.32,-0.00549316,91.225,2.17,,22,-155.847,0.85,0,-2.4,
,34899,49.0196,12.0095,-34.7223,0.6,,2.52,,291.445,294.582,,,0.35,0.37,,,290.918,9.32,-0.00549316,90.9998,2.19,,22,-142.756,0.89,0,-2.26,
,34900,49.0196,12.0095,-43.9673,0.8,,2.5,,291.445,294.582,,,0.35,0.37,,,291.736,9.32,-0.00549316,90.9998,2.19,,22,-142.147,0.91,0,-2.01,
,34901,49.0196,12.0095,-38.4961,0.8,,2.5,,291.445,294.203,,,0.34,0.37,,,290.869,9.32,-0.00549316,90.0439,2.19,,22,-142.861,0.82,0,-1.98,
,34902,49.0196,12.0095,-38.2654,0.8,,2.5,,291.445,294.203,,,0.34,0.37,,,292.181,9.32,-0.00549316,90.0439,2.19,,22,-143.273,0.83,0,-2,
,34903,49.0196,12.0094,-38.3368,0.6,,2.55,,291.445,293.483,,,0.33,0.37,,,291.215,9.32,-0.00549316,90.0494,2.2,,22,-155.923,0.93,0,-2.01,
,34904,49.0196,12.0094,-38.5785,0.6,,2.43,,291.445,293.483,,,0.33,0.37,,,292.05,9.32,-0.00549316,90.0494,2.2,,22,-154.33,0.87,0,-2.33,
,34905,49.0196,12.0094,-38.562,0.6,,2.49,,291.445,293,,,0.33,0.37,,,291.511,9.33,-0.00549316,92.4609,2.18,,22,-155.154,0.9,0,-2.19,
,34906,49.0196,12.0094,-40.0012,0.6,,2.47,,291.445,293,,,0.33,0.37,,,292.456,9.33,-0.00549316,92.4609,2.18,,22,-154.583,0.9,0,-2.26,
,34907,49.0196,12.0094,-40.5286,0.6,,2.51,,291.445,293.071,,,0.32,0.38,,,291.577,9.33,-0.00549316,96.1963,2.21,,22,-155.116,0.92,0,-2.23,
,34908,49.0196,12.0094,-42.9785,0.6,,2.46,,291.445,293.071,,,0.32,0.38,,,292.533,9.33,-0.00549316,96.1963,2.21,,22,-153.721,0.92,0,-2.28,
,34909,49.0196,12.0094,-57.7057,0.8,,2.58,,291.445,293.362,,,0.3,0.38,,,291.83,9.33,-0.00549316,97.9871,2.21,,22,-142.009,1.1,0,-2.21,
,34910,49.0196,12.0094,-62.1387,0.8,,2.42,,291.445,293.362,,,0.3,0.38,,,292.363,9.33,-0.00549316,98.9319,2.21,,22,-129.095,1.03,0,-1.98,
,34911,49.0196,12.0093,-43.2861,0.8,,2.5,,291.445,293.829,,,0.3,0.38,,,292.011,9.33,-0.00549316,98.9319,2.2,,22,-142.256,0.89,0,-1.53,
,34912,49.0196,12.0093,-28.7183,0.8,,2.49,,291.445,293.829,,,0.3,0.38,,,292.33,9.33,-0.00549316,99.2065,2.2,,22,-146.102,0.69,0,-1.98,
,34913,49.0196,12.0093,-31.6681,1.1,,2.5,,291.445,294.214,,,0.3,0.38,,,291.753,9.33,-0.00549316,99.2065,2.23,,22,-104.645,0.67,0,-2.07,
,34914,49.0196,12.0093,-26.2903,1.3,,2.43,,291.445,294.214,,,0.3,0.38,,,292.044,9.33,-0.00549316,97.7344,2.23,,22,-98.8055,0.58,0,-0.64,
,34915,49.0196,12.0093,-28.1195,1.3,,2.51,,291.445,294.109,,,0.3,0.38,,,291.555,9.33,-0.00549316,97.7344,2.2,,22,-104.244,0.65,0,-0.38,
,34916,49.0196,12.0093,-28.537,1.5,,2.47,,291.445,294.109,,,0.29,0.38,,,291.654,9.33,-0.00549316,95.592,2.2,,22,-86.825,0.72,0,-0.62,
,34917,49.0196,12.0092,-27.8339,1.5,,2.45,,291.445,294.038,,,0.29,0.38,,,291.215,9.33,-0.00549316,95.592,2.18,,22,-99.1187,0.56,0,0.13,
,34918,49.0196,12.0092,-26.933,1.3,,2.45,,291.445,294.038,,,0.29,0.38,,,291.242,9.33,-0.00549316,93.5925,2.18,,22,-100.558,0.6,0,-0.39,
,34919,49.0196,12.0092,-29.9213,1.3,,2.46,,291.445,294.406,,,0.29,0.38,,,290.858,9.34,-0.00549316,93.5925,2.17,,22,-99.9426,0.57,0,-0.45,
,34921,49.0196,12.0092,-22.6868,1.1,,2.42,,291.445,294.406,,,0.3,0.38,,,290.918,9.34,-0.00549316,91.1096,2.17,,22,-119.158,0.49,0,-0.43,
,34922,49.0196,12.0092,-21.9891,1.1,,2.45,,291.445,294.62,,,0.3,0.39,,,291.017,9.34,-0.00549316,91.1096,2.14,,22,-122.146,0.41,0,-1.18,
,34923,49.0196,12.0092,-19.1327,1,,2.41,,291.445,294.62,,,0.31,0.39,,,291.011,9.34,-0.00549316,90.0604,2.14,,22,-132.259,0.44,0,-1.31,
,34924,49.0196,12.0091,-13.7439,1,,2.43,,291.445,294.39,,,0.31,0.39,,,291.044,9.34,-0.00549316,90.0604,2.12,,22,-173.425,0.26,0,-1.62,
,34925,49.0196,12.0091,14.9799,1,,2.41,,291.445,294.39,,,0.32,0.39,,,290.808,9.34,-0.00549316,90.1648,2.12,,22,138.252,0.37,0,-2.42,
,34926,49.0197,12.0091,6.89941,0.8,,2.43,,291.445,294.088,,,0.32,0.39,,,290.984,9.34,-0.00549316,90.1648,2.11,,22,-70.5157,0.5,0,-1.8,
,34927,49.0197,12.0091,15.3314,1.5,,2.43,,291.445,294.088,,,0.32,0.39,,,291.028,9.34,-0.00549316,90.4559,2.11,,22,64.0393,0.43,0,0.8,
,34928,49.0197,12.0091,-19.0778,1.8,,2.46,,291.445,293.818,,,0.32,0.39,,,291,9.34,-0.00549316,90.4559,2.11,,22,-15.5072,0.74,0,1.06,
,34929,49.0197,12.0091,22.3077,2.2,,2.39,,291.445,293.818,,,0.33,0.39,,,291.11,9.34,-0.00549316,92.1698,2.11,,22,27.3889,0.6,0,2.36,
,34930,49.0197,12.0091,2.33459,2.2,,2.42,,291.445,293.544,,,0.33,0.39,,,291.352,9.34,-0.00549316,92.1698,2.08,,22,4.80652,0.95,0,2.12,
,34931,49.0197,12.0091,-15.1721,1.7,,2.37,,291.445,293.544,,,0.33,0.39,,,291.27,9.34,-0.00549316,94.6033,2.08,,22,-47.6807,0.6,0,2.4,
,34932,49.0197,12.0091,-17.4902,1.7,,2.42,,291.445,293.401,,,0.33,0.39,,,291.736,9.34,-0.00549316,94.6033,2.06,,22,-56.3324,0.64,0,1.59,
,34933,49.0197,12.0091,-19.7919,1.8,,2.37,,291.445,293.401,,,0.34,0.39,,,291.61,9.34,-0.00549316,97.3773,2.06,,22,-33.6676,0.86,0,1.34,
,34934,49.0197,12.009,-17.7045,2.2,,2.39,,291.445,293.203,,,0.34,0.39,,,292.077,9.34,-0.00549316,97.3773,2.06,,22,-35.8923,1.07,0,1.97,
,34935,49.0197,12.009,-20.907,2,,2.37,,291.445,293.203,,,0.32,0.39,,,291.72,9.35,-0.00549316,99.5636,2.06,,22,-78.0414,1.34,0,1.93,
,34936,49.0197,12.009,-46.1261,2,,2.43,,291.445,293.313,,,0.32,0.39,,,292.159,9.35,-0.00549316,99.5636,2.05,,22,-72.6746,1.47,0,0.49,
,34937,49.0197,12.009,-59.5624,2.2,,2.37,,291.445,293.313,,,0.33,0.4,,,292.088,9.35,-0.00549316,102.2,2.05,,22,-94.9988,1.94,0,0.72,
,34938,49.0197,12.009,-62.1552,2.2,,2.38,,291.445,293.708,,,0.33,0.4,,,292.192,9.35,-0.00549316,102.2,2.05,,22,-97.998,2,0,-0.21,
,34939,49.0197,12.009,-67.2638,2,,2.36,,291.445,293.708,,,0.34,0.4,,,291.808,9.35,-0.00549316,103.167,2.05,,22,-104.952,1.93,0,-0.34,
,34940,49.0197,12.009,-58.0243,1.8,,2.41,,291.445,294.472,,,0.34,0.4,,,292.11,9.35,-0.00549316,103.167,2.03,,22,-100.728,1.55,0,-0.61,
,34941,49.0197,12.009,-56.0577,2,,2.36,,291.445,294.472,,,0.34,0.4,,,291.764,9.35,-0.00549316,101.794,2.03,,22,-89.2749,1.57,0,-0.45,
,34942,49.0197,12.0089,-45.4285,2,,2.39,,291.445,295.318,,,0.34,0.4,,,291.923,9.35,-0.00549316,101.794,2.01,,22,-81.8811,1.41,0,0.02,
,34943,49.0197,12.0089,-54.6735,2,,2.38,,291.456,295.318,,,0.36,0.4,,,291.506,9.35,-0.00549316,99.1626,2.01,,22,-97.3608,1.48,0,0.33,
,34944,49.0197,12.0089,-51.0425,1.8,,2.42,,291.456,295.988,,,0.36,0.4,,,292.039,9.35,-0.00549316,99.1626,2.01,,22,-94.8889,1.4,0,-0.31,
,34945,49.0197,12.0089,-59.8645,1.7,,2.38,,291.456,295.988,,,0.37,0.4,,,291.429,9.35,-0.00549316,95.993,2.01,,22,-102.134,1.47,0,-0.21,
,34946,49.0197,12.0089,-54.8273,1.7,,2.42,,291.456,296.318,,,0.37,0.4,,,291.703,9.35,-0.00549316,95.993,2.03,,22,-106.556,1.26,0,-0.5,
,34947,49.0197,12.0089,-57.1234,1.5,,2.41,,291.456,296.318,,,0.39,0.4,,,291.171,9.35,-0.00549316,93.0597,2.03,,22,-108.825,1.33,0,-0.69,
,34948,49.0197,12.0089,-58.5626,1.5,,2.42,,291.456,296.532,,,0.39,0.4,,,291.731,9.35,-0.00549316,93.0597,2.04,,22,-110.154,1.36,0,-0.78,
,34949,49.0197,12.0089,-57.7991,1.5,,2.43,,291.456,296.532,,,0.4,0.4,,,291.132,9.36,-0.00549316,90.5768,2.04,,22,-115.906,1.18,0,-0.84,
,34950,49.0197,12.0088,-55.6622,1.3,,2.47,,291.456,296.494,,,0.4,0.4,,,292.072,9.36,-0.00549316,90.5768,2.05,,22,-116.565,1.2,0,-1.07,
,34951,49.0197,12.0088,-52.6355,1.1,,2.43,,291.456,296.494,,,0.41,0.4,,,291.121,9.36,-0.00549316,89.9231,2.05,,22,-123.047,1.02,0,-1.11,
,34952,49.0198,12.0088,-54.1626,1.1,,2.46,,291.456,296.23,,,0.41,0.41,,,291.978,9.36,-0.00549316,89.9231,2.05,,22,-124.975,1.09,0,-1.33,
,34953,49.0198,12.0088,-55.2722,1,,2.45,,291.456,296.23,,,0.4,0.41,,,291.308,9.36,-0.00549316,89.0332,2.05,,22,-130.188,1.09,0,-1.41,
,34954,49.0198,12.0087,-52.8717,1,,2.47,,291.456,295.955,,,0.41,0.41,,,292.137,9.36,-0.00549316,89.8737,2.05,,22,-129.93,1.04,0,-1.58,
,34955,49.0198,12.0087,-49.2297,0.8,,2.45,,291.456,295.955,,,0.41,0.41,,,291.385,9.36,-0.00549316,89.8737,2.05,,22,-140.433,0.97,0,-1.59,
,34956,49.0198,12.0087,-48.4772,0.8,,2.45,,291.456,295.851,,,0.41,0.41,,,291.934,9.36,-0.00549316,90.6372,2.07,,22,-140.966,0.95,0,-1.89,
,34957,49.0198,12.0087,-48.6584,0.8,,2.45,,291.456,295.851,,,0.41,0.41,,,291.445,9.36,-0.00549316,90.6372,2.07,,22,-140.966,0.95,0,-1.91,
,34958,49.0198,12.0087,-52.9871,1,,2.45,,291.456,295.922,,,0.4,0.41,,,292.072,9.36,-0.00549316,90.9338,2.06,,22,-129.512,1.03,0,-1.91,
,34959,49.0198,12.0087,-53.3551,1.1,,2.46,,291.456,295.922,,,0.4,0.41,,,291.22,9.36,-0.00549316,90.9338,2.06,,22,-110.127,0.95,0,-1.56,
,34960,49.0198,12.0087,-41.9348,1.5,,2.47,,291.456,296.147,,,0.41,0.41,,,292.258,9.36,-0.00549316,92.2083,2.05,,22,-98.9868,1.02,0,-0.85,
,34961,49.0198,12.0087,-48.3289,1.5,,2.46,,291.456,296.147,,,0.41,0.41,,,291.374,9.36,-0.00549316,92.2083,2.05,,22,-103.546,1.15,0,-0.39,
,34962,49.0198,12.0086,-49.3011,1.5,,2.46,,291.456,296.323,,,0.41,0.41,,,292.703,9.36,-0.00549316,91.4832,2.07,,22,-98.9868,1.02,0,-0.58,
,34964,49.0198,12.0086,-44.7308,1.5,,2.47,,291.456,296.323,,,0.41,0.41,,,291.451,9.36,-0.00549316,91.4832,2.07,,22,-101.195,1.08,0,-0.39,
,34965,49.0198,12.0086,-51.5698,1.5,,2.46,,291.467,296.362,,,0.42,0.41,,,292.527,9.37,-0.00549316,91.8896,2.06,,22,-106.057,1.22,0,-0.48,
,34966,49.0198,12.0086,-52.9211,1.5,,2.49,,291.467,296.362,,,0.42,0.41,,,291.281,9.37,-0.00549316,91.8896,2.06,,22,-107.562,1.25,0,-0.69,
,34967,49.0198,12.0086,-55.6348,1.3,,2.47,,291.467,296.45,,,0.43,0.41,,,292.462,9.37,-0.00549316,91.8347,2.1,,22,-116.565,1.2,0,-0.76,
,34968,49.0198,12.0086,-58.6835,1.1,,2.47,,291.467,296.45,,,0.43,0.42,,,291.319,9.37,-0.00549316,91.8347,2.1,,22,-126.667,1.17,0,-1.11,
,34969,49.0198,12.0086,-60.7544,1,,2.43,,291.467,296.45,,,0.42,0.42,,,292.137,9.37,-0.00549316,90.0439,2.12,,22,-141.432,1.13,0,-1.48,
,34970,49.0198,12.0086,-65.5774,0.8,,2.52,,291.467,296.45,,,0.42,0.42,,,290.984,9.37,-0.00549316,90.0439,2.12,,22,-143.042,1.21,0,-1.9,
,34971,49.0198,12.0085,-79.0247,0.6,,2.56,,291.467,296.576,,,0.41,0.42,,,291.808,9.37,-0.00549316,87.4677,2.13,,22,-154.017,1.34,0,-2.02,
,34972,49.0198,12.0085,-79.0247,0.6,,2.54,,291.467,296.576,,,0.41,0.42,,,290.753,9.37,-0.00549316,87.4677,2.13,,22,-160.983,1.5,0,-2.3,
,34973,49.0199,12.0085,-103.085,0.5,,2.47,,291.467,296.812,,,0.42,0.42,,,291.846,9.37,-0.00549316,86.347,2.13,,22,-161.461,1.5,0,-2.4,
,34974,49.0199,12.0085,-108.528,0.5,,2.51,,291.467,296.812,,,0.42,0.42,,,290.407,9.37,-0.00549316,86.347,2.13,,22,-161.461,1.5,0,-2.34,
,34975,49.0199,12.0085,-113.939,0.3,,2.47,,291.467,296.884,,,0.42,0.42,,,291.506,9.37,-0.00549316,83.9026,2.14,,22,-168.701,1.42,0,-2.34,
,34976,49.0199,12.0085,-118.927,0.5,,2.54,,291.467,296.884,,,0.42,0.42,,,290.116,9.37,-0.00549316,83.9026,2.14,,22,-164.169,1.61,0,-2.43,
,34977,49.0199,12.0085,-118.927,0.5,,2.5,,291.467,297.125,,,0.43,0.42,,,291.055,9.37,-0.00549316,81.991,2.17,,22,-162.96,1.56,0,-2.45,
,34978,49.0199,12.0085,-114.977,0.5,,2.51,,291.456,297.125,,,0.43,0.42,,,289.819,9.37,-0.00549316,81.991,2.17,,22,-163.07,1.57,0,-2.39,
,34979,49.0199,12.0084,-114.714,0.5,,2.51,,291.456,296.993,,,0.43,0.42,,,290.896,9.38,-0.00549316,79.0082,2.18,,22,-163.07,1.57,0,-2.41,
,34980,49.0199,12.0084,-119.559,0.5,,2.54,,291.456,296.993,,,0.43,0.42,,,289.995,9.38,-0.00549316,79.0082,2.18,,22,-164.268,1.62,0,-2.41,
,34981,49.0199,12.0084,-119.559,0.5,,2.55,,291.456,296.565,,,0.42,0.42,,,291.292,9.38,-0.00549316,76.3385,2.19,,22,-170.486,1.51,0,-2.45,
,34982,49.0199,12.0084,-125.557,0.3,,2.43,,291.456,296.565,,,0.42,0.43,,,290.61,9.38,-0.00549316,76.3385,2.19,,22,-170.486,1.51,0,-2.52,
,34983,49.0199,12.0084,-124.475,0.3,,2.49,,291.456,295.807,,,0.41,0.43,,,291.363,9.38,-0.00549316,76.0913,2.19,,22,-170.294,1.48,0,-2.52,
,34984,49.0199,12.0084,-112.544,0.5,,2.56,,291.456,295.807,,,0.41,0.43,,,290.786,9.38,-0.00549316,76.0913,2.19,,22,-162.719,1.58,0,-2.46,
,34985,49.0199,12.0084,-112.544,0.5,,2.5,,291.456,294.895,,,0.39,0.43,,,291.572,9.38,-0.00549316,77.2009,2.2,,22,-161.818,1.53,0,-2.45,
,34986,49.0199,12.0084,-109.215,0.5,,2.55,,291.456,294.895,,,0.39,0.43,,,290.912,9.38,-0.00549316,77.2009,2.2,,22,-161.691,1.68,0,-2.38,
,34987,49.0199,12.0083,-118.499,0.6,,2.49,,291.445,294.126,,,0.38,0.43,,,291.731,9.38,-0.00549316,81.7932,2.22,,22,-161.477,1.66,0,-2.42,
,34988,49.0199,12.0083,-119.542,0.6,,2.52,,291.445,294.126,,,0.38,0.43,,,291.572,9.38,-0.00549316,81.7932,2.22,,22,-165.58,1.76,0,-2.36,
,34989,49.0199,12.0083,-133.281,0.6,,2.5,,291.445,293.846,,,0.36,0.43,,,291.66,9.38,-0.00549316,85.7867,2.23,,22,-164.702,1.74,0,-2.44,
,34990,49.0199,12.0083,-116.285,0.8,,2.52,,291.445,293.846,,,0.36,0.43,,,291.22,9.38,-0.00549316,85.7867,2.23,,22,-156.555,1.8,0,-2.41,
,34991,49.0199,12.0083,-115.23,0.6,,2.49,,291.445,294.027,,,0.33,0.43,,,291.55,9.38,-0.00549316,89.0497,2.21,,22,-160.362,1.63,0,-2.32,
,34992,49.0199,12.0083,-125.898,0.5,,2.54,,291.445,294.027,,,0.33,0.43,,,291.506,9.38,-0.00549316,89.0497,2.21,,22,-165.635,1.65,0,-2.35,
,34993,49.0199,12.0083,169.843,0.6,,2.49,,291.445,294.082,,,0.33,0.43,,,291.797,9.39,-0.00549316,91.0657,2.21,,22,176.962,1.88,0,-2.46,
,34994,49.0199,12.0083,154.149,0.5,,2.52,,291.445,294.082,,,0.33,0.43,,,291.281,9.39,-0.00549316,91.0657,2.21,,22,173.161,1.76,0,-2.49,
,34995,49.02,12.0082,158.566,0.5,,2.47,,291.445,294.395,,,0.32,0.43,,,291.506,9.39,-0.00549316,91.9281,2.22,,22,174.1,1.74,0,-2.51,
,34996,49.02,12.0082,167.778,0.6,,2.52,,291.445,294.395,,,0.31,0.43,,,291.583,9.39,-0.00549316,91.5546,2.22,,22,176.369,1.89,0,-2.46,
,34997,49.02,12.0082,178.577,0.6,,2.49,,291.445,294.708,,,0.31,0.44,,,291.445,9.39,-0.00549316,91.5546,2.26,,22,179.703,1.89,0,-2.52,
,34998,49.02,12.0082,-155.303,0.6,,2.52,,291.445,294.708,,,0.3,0.44,,,291.533,9.39,-0.00549316,90.4944,2.26,,22,-172.007,1.86,0,-2.49,
,34999,49.02,12.0081,-151.859,0.8,,2.54,,291.445,294.219,,,0.3,0.44,,,291.22,9.39,-0.00549316,90.4944,2.25,,22,-170.134,2.27,0,-2.5,
,35000,49.02,12.0081,-148.167,1.3,,2.5,,291.445,294.219,,,0.3,0.44,,,291.753,9.39,-0.00549316,90.8734,2.25,,22,-159.928,2.85,0,-2.51,
,35001,49.02,12.0081,-126.947,1.8,,2.51,,291.445,293.873,,,0.3,0.44,,,291.401,9.39,-0.00549316,90.8734,2.27,,22,-148.843,2.78,0,-2.35,
,35002,49.02,12.0081,-125.942,1.7,,2.51,,291.445,293.873,,,0.27,0.44,,,291.945,9.39,-0.00549316,91.225,2.27,,22,-148.947,2.67,0,-2.15,
,35003,49.02,12.0081,-151.342,1.5,,2.54,,291.456,293.632,,,0.27,0.44,,,291.583,9.39,-0.00549316,91.225,2.29,,22,-164.707,2.72,0,-2.15,
,35004,49.02,12.0081,-130.748,1.7,,2.51,,291.456,293.632,,,0.27,0.44,,,292.324,9.39,-0.00549316,93.9935,2.29,,22,-152.545,2.53,0,-2.45,
,35005,49.02,12.008,-132.709,1.3,,2.56,,291.456,293.417,,,0.27,0.44,,,291.621,9.39,-0.00549316,93.9935,2.29,,22,-156.429,2.4,0,-2.23,
,35007,49.02,12.008,-156.335,1.3,,2.52,,291.456,293.417,,,0.26,0.44,,,292.451,9.39,-0.00549316,96.004,2.29,,22,-167.997,2.54,0,-2.35,
,35008,49.02,12.008,-160.884,1.1,,2.58,,291.456,293.181,,,0.26,0.44,,,291.665,9.4,-0.00549316,96.004,2.3,,22,-166.657,2.03,0,-2.47,
,35009,49.02,12.008,-96.4545,0.6,,2.52,,291.456,293.181,,,0.25,0.44,,,292.637,9.4,-0.00549316,98.8879,2.3,,22,-156.352,1.49,0,-2.51,
,35010,49.02,12.008,-118.334,1.1,,2.55,,291.456,293.187,,,0.25,0.44,,,291.923,9.4,-0.00549316,98.8879,2.3,,22,-147.975,2.67,0,-2.31,
,35011,49.02,12.008,-109.611,2,,2.51,,291.456,293.187,,,0.24,0.44,,,292.484,9.4,-0.00549316,100.399,2.3,,22,-143.399,3.1,0,-2.16,
,35012,49.02,12.008,-121.295,2.2,,2.52,,291.456,293.324,,,0.24,0.45,,,291.841,9.4,-0.00549316,100.399,2.32,,22,-139.29,3.12,0,-2.02,
,35013,49.02,12.008,-114.642,2.5,,2.5,,291.456,293.324,,,0.22,0.45,,,292.214,9.4,-0.00549316,99.9207,2.32,,22,-129.254,3.11,0,-1.91,
,35014,49.02,12.0079,-99.9426,2.7,,2.51,,291.467,293.571,,,0.22,0.45,,,292.159,9.4,-0.00549316,99.9207,2.31,,22,-128.414,3.08,0,-1.59,
,35015,49.02,12.0079,-103.304,2.3,,2.51,,291.467,293.571,,,0.21,0.45,,,291.967,9.4,-0.00549316,99.1626,2.31,,22,-128.172,2.86,0,-1.56,
,35016,49.02,12.0079,-97.7234,2.2,,2.5,,291.467,293.95,,,0.21,0.45,,,291.962,9.4,-0.00549316,99.1626,2.31,,22,-130.204,2.8,0,-1.55,
,35017,49.02,12.0079,-107.347,2,,2.51,,291.467,293.95,,,0.21,0.45,,,291.786,9.4,-0.00549316,96.9104,2.31,,22,-140.746,2.82,0,-1.62,
,35018,49.02,12.0079,-135.703,1.7,,2.52,,291.467,294.554,,,0.21,0.45,,,292.489,9.4,-0.00549316,96.9104,2.32,,22,-154.742,2.78,0,-1.95,
,35019,49.02,12.0079,-135.033,1.5,,2.51,,291.467,294.554,,,0.22,0.45,,,291.478,9.4,-0.00549316,94.01,2.32,,22,-163.976,2.49,0,-2.28,
,35020,49.0201,12.0078,-160.214,1.1,,2.54,,291.467,294.917,,,0.22,0.45,,,291.962,9.4,-0.00549316,94.01,2.33,,22,-170.826,2.38,0,-2.42,
,35021,49.0201,12.0078,-124.437,1.1,,2.54,,291.467,294.917,,,0.22,0.45,,,291.187,9.4,-0.00549316,88.1598,2.33,,22,-154.775,2.13,0,-2.51,
,35022,49.0201,12.0078,-128.254,1.1,,2.52,,291.467,295.323,,,0.22,0.45,,,291.945,9.41,-0.00549316,88.1598,2.34,,22,-169.794,2.25,0,-2.3,
,35023,49.0201,12.0078,-162.933,0.8,,2.55,,291.467,295.323,,,0.23,0.45,,,291.05,9.41,-0.00549316,83.0402,2.34,,22,-173.425,2.09,0,-2.48,
,35024,49.0201,12.0078,-161.532,0.6,,2.56,,291.467,295.692,,,0.23,0.45,,,291.693,9.41,-0.00549316,83.0402,2.34,,22,-174.265,1.89,0,-2.54,
,35025,49.0201,12.0078,-161.537,0.5,,2.55,,291.467,295.692,,,0.24,0.45,,,291.363,9.41,-0.00549316,78.1183,2.34,,22,-174.902,1.79,0,-2.55,
,35026,49.0201,12.0077,-161.537,0.5,,2.52,,291.467,295.774,,,0.24,0.46,,,291.731,9.41,-0.00549316,78.1183,2.34,,22,-173.524,1.77,0,-2.54,
,35034,49.0201,12.0076,-147.239,0.3,,2.55,,291.467,295.664,,,0.24,0.46,,,291.319,9.41,-0.00549316,78.1183,2.31,,22,-173.826,1.57,0,-2.51,
,35035,49.0201,12.0076,-147.239,0.3,,2.59,,291.467,295.664,,,0.29,0.46,,,290.44,9.41,-0.00549316,68.5602,2.31,,22,-173.826,1.57,0,-2.54,
,35036,49.0201,12.0076,-147.239,0.3,,2.52,,291.456,295.444,,,0.3,0.46,,,291.627,9.42,-0.00549316,71.087,2.3,,22,-177.1,1.38,0,-2.54,
,35037,49.0201,12.0076,-139.433,0.1,,2.6,,291.456,295.444,,,0.3,0.46,,,290.528,9.42,-0.00549316,71.087,2.3,,22,-177.1,1.38,0,-2.52,
,35038,49.0201,12.0076,-139.433,0.1,,2.52,,291.456,294.977,,,0.3,0.46,,,291.445,9.42,-0.00549316,71.087,2.32,,22,-177.1,1.38,0,-2.52,
,35039,49.0201,12.0076,-139.433,0.1,,2.52,,291.456,294.977,,,0.31,0.46,,,290.49,9.42,-0.00549316,73.6469,2.32,,22,-177.1,1.38,0,-2.52,
,35040,49.0201,12.0075,-139.433,0.1,,2.51,,291.456,294.428,,,0.31,0.47,,,291.654,9.42,-0.00549316,73.6469,2.31,,22,-177.1,1.38,0,-2.52,
,35041,49.0201,12.0075,-140.587,0,,2.59,,291.456,294.428,,,0.28,0.47,,,290.742,9.42,-0.00549316,72.8943,2.31,,22,-180,1.34,0,-2.52,
,35042,49.0201,12.0075,-140.587,0,,2.54,,291.456,293.769,,,0.28,0.47,,,290.967,9.42,-0.00549316,72.8943,2.33,,22,-180,1.34,0,-2.59,
,35043,49.0201,12.0075,-78.5468,0.5,,2.47,,291.456,293.769,,,0.27,0.47,,,290.627,9.42,-0.00549316,75.6134,2.33,,22,-157.637,1.28,0,-2.59,
,35044,49.0202,12.0075,-84.6112,0.6,,2.47,,291.456,293.247,,,0.27,0.47,,,290.819,9.42,-0.00549316,75.6134,2.31,,22,-153.825,1.35,0,-2.31,
,35045,49.0202,12.0075,-80.1892,0.6,,2.43,,291.456,293.247,,,0.24,0.47,,,290.726,9.42,-0.00549316,75.9485,2.31,,22,-152.468,1.29,0,-2.22,
,35046,49.0202,12.0075,-81.2769,0.8,,2.42,,291.456,292.928,,,0.24,0.47,,,290.77,9.42,-0.00549316,75.9485,2.26,,22,-144.58,1.36,0,-2.16,
,35047,49.0202,12.0075,-81.7932,0.8,,2.39,,291.445,292.928,,,0.21,0.47,,,290.77,9.42,-0.00549316,77.1844,2.26,,22,-144.481,1.37,0,-1.98,
,35049,49.0202,12.0074,-81.2439,0.6,,2.36,,291.445,292.709,,,0.21,0.47,,,290.583,9.42,-0.00549316,77.1844,2.19,,22,-152.056,1.27,0,-1.95,
,35050,49.0202,12.0074,-79.4751,0.6,,2.33,,291.445,292.709,,,0.21,0.47,,,290.555,9.42,-0.00549316,80.6177,2.19,,22,-151.815,1.24,0,-2.09,
,35051,49.0202,12.0074,-75.7947,0.6,,2.32,,291.445,292.802,,,0.21,0.47,,,290.687,9.43,-0.00549316,80.6177,2.13,,22,-150.908,1.21,0,-2.07,
,35052,49.0202,12.0074,-66.8408,0.6,,2.28,,291.445,292.802,,,0.19,0.47,,,290.594,9.43,-0.00549316,81.4471,2.13,,22,-149.507,1.1,0,-2.04,
,35053,49.0202,12.0074,-67.1869,0.5,,2.23,,291.445,292.67,,,0.19,0.47,,,290.479,9.43,-0.00549316,81.4471,2.03,,22,-154.166,1.07,0,-1.98,
,35054,49.0202,12.0074,-70.0104,0.5,,2.21,,291.445,292.67,,,0.21,0.47,,,290.473,9.43,-0.00549316,85.4407,2.03,,22,-154.166,1.07,0,-2.03,
,35055,49.0202,12.0073,-70.0104,0.5,,2.2,,291.445,292.791,,,0.21,0.47,,,290.77,9.43,-0.00549316,85.4407,1.95,,22,-164.669,1.05,0,-1.99,
,35056,49.0202,12.0073,-67.7802,0.3,,2.16,,291.445,292.791,,,0.21,0.48,,,290.819,9.43,-0.00549316,87.7643,1.95,,22,-164.669,1.05,0,-2.12,
,35057,49.0202,12.0073,-53.5529,0.3,,2.13,,291.434,292.61,,,0.23,0.48,,,290.544,9.43,-0.00549316,91.1536,1.88,,22,-164.817,0.95,0,-2.12,
,35058,49.0202,12.0073,-53.5529,0.3,,2.12,,291.434,292.61,,,0.23,0.48,,,290.874,9.43,-0.00549316,91.1536,1.88,,22,-164.817,0.95,0,-2.06,
,35059,49.0202,12.0073,-28.8446,0.5,,2.11,,291.434,292.104,,,0.24,0.48,,,291.083,9.43,-0.00549316,94.8615,1.8,,22,-158.676,0.68,0,-2.06,
,35060,49.0202,12.0073,-25.8673,0.5,,2.02,,291.434,292.104,,,0.24,0.48,,,291.11,9.43,-0.00549316,94.8615,1.8,,22,-160.483,0.65,0,-1.94,
,35061,49.0202,12.0073,-3.43323,0.6,,2.02,,291.434,291.143,,,0.25,0.48,,,291.835,9.43,-0.00549316,101.063,1.71,,22,-174.93,0.45,0,-1.95,
,35062,49.0202,12.0073,5.04822,0.5,,1.99,,291.434,291.143,,,0.25,0.48,,,292.236,9.43,-0.00549316,101.063,1.71,,22,175.688,0.53,0,-2.02,
,35063,49.0202,12.0073,-26.499,1,,1.94,,291.434,290.303,,,0.27,0.48,,,292.67,9.43,-0.00549316,110.215,1.66,,22,-103.727,0.46,0,-1.99,
,35064,49.0202,12.0073,-25.329,1.3,,1.93,,291.445,290.303,,,0.27,0.48,,,292.852,9.43,-0.00549316,110.215,1.66,,22,-72.1912,0.58,0,-0.46,
,35065,49.0202,12.0072,-21.5717,1.5,,1.93,,291.445,289.731,,,0.28,0.48,,,293.286,9.43,-0.00549316,118.735,1.59,,22,-54.4812,0.68,0,0.58,
,35066,49.0202,12.0072,-17.4188,1.5,,1.89,,291.445,289.731,,,0.28,0.48,,,293.78,9.43,-0.00549316,118.735,1.59,,22,-50.4272,0.67,0,1.12,
,35067,49.0202,12.0072,-12.5739,1.5,,1.88,,291.445,289.265,,,0.3,0.48,,,294.005,9.44,-0.00549316,125.601,1.53,,22,-33.9423,0.59,0,1.2,
,35068,49.0202,12.0072,5.67993,1.5,,1.86,,291.445,289.265,,,0.3,0.48,,,294.324,9.44,-0.00549316,125.601,1.53,,22,30.6793,0.37,0,1.55,
,35069,49.0202,12.0072,17.4353,1.3,,1.84,,291.456,289.21,,,0.33,0.48,,,294.434,9.44,-0.00549316,130.281,1.47,,22,52.663,0.47,0,1.59,
,35070,49.0202,12.0072,19.259,1.1,,1.84,,291.456,289.21,,,0.33,0.48,,,294.351,9.44,-0.00549316,130.281,1.47,,22,81.0406,0.19,0,1.11,
,35071,49.0202,12.0072,-6.09741,1.1,,1.8,,291.456,289.819,,,0.37,0.48,,,294.505,9.44,-0.00549316,131.638,1.42,,22,-36.8701,0.2,0,0.28,
,35072,49.0202,12.0072,-10.9204,1.1,,1.8,,291.467,289.819,,,0.37,0.48,,,294.653,9.44,-0.00549316,131.638,1.42,,22,-54.4812,0.25,0,1.43,
,35073,49.0202,12.0072,-2.58728,1.3,,1.77,,291.467,291.116,,,0.39,0.48,,,294.774,9.44,-0.00549316,131.38,1.34,,22,-8.95935,0.38,0,1.04,
,35074,49.0202,12.0072,-2.58728,1.3,,1.56,,291.467,291.116,,,0.39,0.48,,,294.829,8.94,-0.00549316,131.38,1.34,,22,0.823975,0.69,0,1.74,
,35075,49.0202,12.0072,0.258179,1.7,,1.56,,291.467,292.203,,,0.38,0.49,,,294.829,8.94,-0.00549316,129.957,1.28,,22,0,0.89,0,1.55,
,35076,49.0202,12.0072,-1.90063,1.7,,1.54,,291.478,292.203,,,0.38,0.49,,,294.752,8.94,-0.00549316,129.957,1.28,,22,13.266,0.91,0,1.55,
,35077,49.0202,12.0071,6.57532,1.7,,1.51,,291.478,293.214,,,0.34,0.49,,,295.005,8.94,-0.00549316,129.188,1.22,,22,11.7773,0.92,0,1.49,
,35078,49.0202,12.0071,7.17957,1.5,,1.48,,291.478,293.214,,,0.34,0.49,,,294.862,8.94,-0.00549316,129.188,1.22,,22,14.035,0.74,0,1.47,
,35079,49.0202,12.0071,9.31641,1.5,,1.45,,291.478,294.093,,,0.31,0.49,,,294.763,8.94,-0.00549316,126.656,1.17,,22,18.1824,0.76,0,1.43,
,35080,49.0202,12.0071,2.47192,1.5,,1.46,,291.489,294.093,,,0.31,0.49,,,294.939,8.94,-0.00549316,126.656,1.17,,22,4.62524,0.74,0,1.37,
,35081,49.0202,12.0071,6.32263,1.5,,1.44,,291.489,294.478,,,0.3,0.49,,,294.873,8.94,-0.00549316,123.486,1.14,,22,12.1838,0.75,0,1.45,
,35082,49.0202,12.0071,7.7179,1.5,,1.42,,291.489,294.478,,,0.3,0.49,,,294.609,8.94,-0.00549316,123.486,1.14,,22,14.9194,0.77,0,1.4,
,35083,49.0202,12.0071,3.01025,1.5,,1.41,,291.489,295.433,,,0.3,0.49,,,294.703,8.94,-0.00549316,120.564,1.08,,22,5.92163,0.77,0,1.37,
,35084,49.0202,12.0071,-1.03271,1.5,,1.37,,291.5,295.433,,,0.3,0.49,,,294.78,8.94,-0.00549316,120.564,1.08,,22,-2.1698,0.79,0,1.4,
,35085,49.0202,12.0071,3.69141,1.5,,1.35,,291.5,296.224,,,0.3,0.49,,,294.725,8.94,-0.00549316,117.076,1.04,,22,6.41052,0.8,0,1.36,
,35086,49.0202,12.0071,16.5894,1.5,,1.35,,291.5,296.224,,,0.3,0.49,,,294.456,8.94,-0.00549316,117.076,1.04,,22,29.5697,0.85,0,1.34,
,35087,49.0202,12.0071,13.6011,1.5,,1.32,,291.5,296.51,,,0.31,0.49,,,294.543,8.94,-0.00549316,113.698,0.98,,22,27.1472,0.85,0,1.17,
,35088,49.0202,12.0071,16.7047,1.3,,1.31,,291.511,296.51,,,0.31,0.49,,,294.467,8.94,-0.00549316,113.698,0.98,,22,32.9645,0.67,0,1.17,
,35090,49.0202,12.0071,15.0568,1.3,,1.31,,291.511,296.494,,,0.32,0.49,,,294.56,8.94,-0.00549316,111.473,0.94,,22,29.6246,0.66,0,1.09,
,35091,49.0202,12.0071,10.5853,1.3,,1.27,,291.511,296.494,,,0.32,0.49,,,294.285,8.95,-0.00549316,111.473,0.94,,22,21.1487,0.66,0,1.13,
,35092,49.0202,12.007,12.7222,1.1,,1.26,,291.511,296.027,,,0.34,0.49,,,294.274,8.95,-0.00549316,110.495,0.93,,22,29.729,0.48,0,1.18,
,35093,49.0202,12.007,13.9417,1.1,,1.26,,291.511,296.027,,,0.34,0.49,,,294.318,8.95,-0.00549316,110.495,0.93,,22,38.6444,0.51,0,1.09,
,35094,49.0202,12.007,16.8915,1.3,,1.22,,291.522,295.62,,,0.34,0.49,,,294.23,8.95,-0.00549316,110.121,0.91,,22,31.2177,0.71,0,0.98,
,35095,49.0202,12.007,16.1993,1.3,,1.22,,291.522,295.62,,,0.34,0.49,,,294.417,8.95,-0.00549316,110.121,0.91,,22,30.119,0.71,0,1.04,
,35096,49.0202,12.007,11.3763,1.1,,1.21,,291.522,295.862,,,0.33,0.49,,,294.324,8.95,-0.00549316,110.237,0.88,,22,24.9994,0.49,0,1.05,
,35097,49.0202,12.007,10.3326,1.1,,1.21,,291.522,295.862,,,0.33,0.49,,,294.077,8.95,-0.00549316,110.204,0.88,,22,22.879,0.48,0,1.09,
,35098,49.0202,12.007,9.05273,1,,1.2,,291.522,296.455,,,0.33,0.49,,,294.291,8.95,-0.00549316,110.204,0.85,,22,22.6044,0.39,0,1.11,
,35099,49.0202,12.007,3.51563,1,,1.17,,291.522,296.455,,,0.33,0.49,,,294.225,8.95,-0.00549316,109.671,0.85,,22,-2.93335,0.39,0,1.1,
,35100,49.0202,12.007,-7.5531,1,,1.16,,291.533,296.889,,,0.33,0.49,,,294.12,8.95,-0.00549316,109.671,0.83,,22,-19.7314,0.41,0,1.16,
,35101,49.0202,12.007,-7.94861,1,,1.17,,291.533,296.889,,,0.33,0.49,,,294.148,8.95,-0.00549316,108.704,0.83,,22,-20.2148,0.4,0,1.09,
,35102,49.0202,12.007,-7.49817,0.6,,1.15,,291.533,297.131,,,0.33,0.49,,,294.022,8.95,-0.00549316,108.704,0.79,,22,-90,0.08,0,1.09,
,35103,49.0202,12.007,-10.2667,0.6,,1.15,,291.533,297.131,,,0.35,0.5,,,293.879,8.95,-0.00549316,108.16,0.79,,22,-95.1855,0.11,0,0,
,35104,49.0202,12.007,-5.51514,0.5,,1.12,,291.533,296.565,,,0.35,0.5,,,293.604,8.95,-0.00549316,108.16,0.75,,22,-147.997,0.09,0,-0.11,
,35105,49.0202,12.007,-5.51514,0.5,,1.09,,291.533,296.565,,,0.35,0.5,,,293.692,8.95,-0.00549316,107.699,0.75,,22,-156.813,0.07,0,-0.95,
,35106,49.0202,12.007,-2.88391,0.5,,1.08,,291.533,295.95,,,0.35,0.5,,,293.45,8.95,-0.00549316,107.699,0.73,,22,-156.813,0.07,0,-1.01,
,35107,49.0202,12.007,1.75232,0.3,,1.07,,291.533,295.95,,,0.35,0.5,,,293.533,8.95,-0.00549316,107.919,0.73,,22,-180,0.26,0,-1.01,
,35108,49.0202,12.007,1.75232,0.3,,1.06,,291.544,295.642,,,0.35,0.5,,,293.571,8.95,-0.00549316,107.919,0.71,,22,177.715,0.25,0,-1.08,
,35109,49.0202,12.007,3.33984,0.3,,1.05,,291.544,295.642,,,0.36,0.5,,,293.533,8.95,-0.00549316,108.49,0.71,,22,177.715,0.25,0,-1.06,
,35110,49.0202,12.007,7.94861,0.5,,1.04,,291.544,295.56,,,0.36,0.5,,,293.467,8.95,-0.00549316,108.49,0.71,,22,129.787,0.07,0,-1.06,
,35111,49.0202,12.007,3.63098,0.6,,1.02,,291.544,295.56,,,0.34,0.5,,,293.417,8.95,-0.00549316,108.435,0.71,,22,23.1866,0.07,0,-0.67,
,35112,49.0203,12.007,3.20251,0.6,,1.01,,291.544,295.648,,,0.34,0.5,,,293.417,8.95,-0.00549316,108.435,0.7,,22,23.1866,0.07,0,0.93,
,35113,49.0203,12.007,-3.92212,0.6,,1.01,,291.544,295.648,,,0.34,0.5,,,293.34,8.95,-0.00549316,108.419,0.7,,22,-35.5188,0.08,0,0.92,
,35114,49.0203,12.007,-3.92212,0.6,,1,,291.544,295.818,,,0.34,0.5,,,293.346,8.95,-0.00549316,108.419,0.66,,22,-123.668,0.03,0,0.82,
,35115,49.0203,12.007,-3.42773,0.5,,1,,291.544,295.818,,,0.33,0.5,,,293.209,8.95,-0.00549316,108.171,0.66,,22,-123.668,0.03,0,-0.56,
,35116,49.0203,12.007,-0.961304,0.3,,0.99,,291.544,295.906,,,0.33,0.5,,,293.005,8.95,-0.00549316,108.171,0.63,,22,-177.402,0.22,0,-0.56,
,35117,49.0203,12.007,-0.961304,0.3,,0.98,,291.544,295.906,,,0.34,0.5,,,293.165,8.95,-0.00549316,107.952,0.63,,22,-171.881,0.21,0,-1,
,35118,49.0203,12.0069,-4.43848,0.3,,0.99,,291.544,295.983,,,0.34,0.5,,,293.038,8.95,-0.00549316,107.952,0.62,,22,-171.881,0.21,0,-0.97,
,35119,49.0203,12.0069,2.15881,0.5,,0.94,,291.555,295.983,,,0.34,0.5,,,292.923,8.95,-0.00549316,107.787,0.62,,22,45,0.01,0,-0.97,
,35120,49.0203,12.0069,8.95935,0.5,,0.93,,291.555,296.027,,,0.34,0.5,,,293.209,8.95,-0.00549316,107.787,0.57,,22,81.8811,0.07,0,0.67,
,35121,49.0203,12.0069,8.95935,0.5,,0.92,,291.555,296.027,,,0.35,0.5,,,293.225,8.95,-0.00549316,107.902,0.57,,22,170.552,0.18,0,0.13,
,35122,49.0203,12.0069,6.8335,0.3,,0.89,,291.555,296.191,,,0.35,0.5,,,292.857,8.96,-0.00549316,107.902,0.54,,22,170.552,0.18,0,-0.91,
,35123,49.0203,12.0069,1.8512,0.5,,0.9,,291.555,296.191,,,0.35,0.5,,,292.874,8.96,-0.00549316,108.122,0.54,,22,18.4186,0.03,0,-0.91,
,35124,49.0203,12.0069,-7.08618,0.5,,0.89,,291.555,296.466,,,0.35,0.5,,,292.846,8.96,-0.00549316,108.122,0.52,,22,-66.8134,0.07,0,0.85,
,35125,49.0203,12.0069,-12.2662,0.6,,0.87,,291.555,296.466,,,0.36,0.5,,,292.709,8.96,-0.00549316,108.073,0.52,,22,-45,0.18,0,0.35,
,35126,49.0203,12.0069,-10.9314,0.6,,0.85,,291.555,296.543,,,0.36,0.5,,,292.846,8.96,-0.00549316,108.073,0.51,,22,-38.6444,0.19,0,0.61,
,35127,49.0203,12.0069,-5.35583,0.8,,0.83,,291.555,296.543,,,0.35,0.5,,,293.066,8.96,-0.00549316,107.628,0.51,,22,-12.5134,0.36,0,0.66,
,35128,49.0203,12.0069,-2.87292,0.8,,0.84,,291.555,295.735,,,0.35,0.5,,,293.016,8.96,-0.00549316,107.628,0.48,,22,-7.89917,0.36,0,0.8,
,35129,49.0203,12.0069,-8.38257,0.8,,0.83,,291.555,295.735,,,0.35,0.5,,,292.714,8.96,-0.00549316,108.078,0.48,,22,-18.4186,0.37,0,0.83,
,35130,49.0203,12.0069,-15.1831,0.8,,0.83,,291.555,295.049,,,0.35,0.5,,,292.841,8.96,-0.00549316,108.078,0.49,,22,-20.885,0.58,0,0.78,
,35131,49.0203,12.0069,-12.1344,1,,0.79,,291.555,295.049,,,0.35,0.5,,,293.093,8.96,-0.00549316,108.611,0.49,,22,-21.0938,0.61,0,0.77,
,35132,49.0203,12.0069,-14.2108,1,,0.8,,291.555,295.444,,,0.35,0.5,,,292.67,8.96,-0.00549316,108.611,0.47,,22,-24.3622,0.7,0,0.73,
,35133,49.0203,12.0069,-14.9579,1.1,,0.78,,291.555,295.444,,,0.33,0.5,,,292.769,8.96,-0.00549316,108.798,0.47,,22,-23.7195,0.72,0,0.72,
,35135,49.0203,12.0069,-21.8903,1.1,,0.78,,291.555,295.977,,,0.33,0.5,,,292.945,8.96,-0.00549316,108.798,0.44,,22,-37.4579,0.75,0,0.71,
,35136,49.0203,12.0069,-23.681,1.1,,0.75,,291.555,295.977,,,0.34,0.5,,,293.099,8.96,-0.00549316,109.023,0.44,,22,-35.9528,0.76,0,0.61,
,35137,49.0203,12.0069,-24.115,1.1,,0.75,,291.566,295.933,,,0.34,0.5,,,293.187,8.96,-0.00549316,109.023,0.42,,22,-31.6736,0.95,0,0.6,
,35138,49.0203,12.0069,-26.9714,1.3,,0.71,,291.566,295.933,,,0.33,0.5,,,293.264,8.96,-0.00549316,109.243,0.42,,22,-36.7493,0.98,0,0.63,
,35139,49.0204,12.0069,-36.3922,1.5,,0.69,,291.566,295.735,,,0.33,0.5,,,293.417,8.96,-0.00549316,109.243,0.41,,22,-41.5558,1.41,0,0.56,
,35140,49.0204,12.0069,-33.2886,2.3,,0.68,,291.566,295.735,,,0.32,0.5,,,294.005,8.96,-0.00549316,109.473,0.41,,22,-26.2024,2.17,0,0.51,
,35141,49.0204,12.0069,-31.1078,2.7,,0.64,,291.566,295.384,,,0.3,0.5,,,294.038,8.96,-0.00549316,110.363,0.36,,22,-19.0997,2.38,0,0.6,
,35142,49.0204,12.0069,-44.8517,2.8,,0.62,,291.566,295.384,,,0.3,0.5,,,294.055,8.96,-0.00549316,110.363,0.36,,22,-49.411,2.58,0,0.6,
,35143,49.0204,12.0069,-31.8933,3.2,,0.62,,291.566,295.076,,,0.29,0.5,,,294.412,8.96,-0.00549316,111.434,0.34,,22,-50.1196,3.18,0,0.4,
,35144,49.0204,12.0069,-36.2549,3.4,,0.6,,291.566,295.076,,,0.29,0.5,,,294.675,8.96,-0.00549316,111.434,0.34,,22,-52.2565,3.2,0,0.39,
,35145,49.0203,12.0069,-47.1423,3.5,,0.6,,291.566,294.961,,,0.28,0.51,,,295.076,8.96,-0.00549316,112.747,0.32,,22,-45.7855,3.16,0,0.36,
,35146,49.0203,12.0069,-47.2742,3.4,,0.56,,291.566,294.961,,,0.28,0.51,,,295.774,8.96,-0.00549316,112.747,0.32,,22,-43.8959,2.98,0,0.41,
,35147,49.0203,12.0069,-40.6055,3,,0.55,,291.566,295.104,,,0.27,0.51,,,296.257,8.96,-0.00549316,114.379,0.29,,22,-41.9238,2.78,0,0.4,
,35148,49.0203,12.0069,-49.3781,2.8,,0.54,,291.577,295.104,,,0.27,0.51,,,296.032,8.96,-0.00549316,114.379,0.29,,22,-41.8414,2.57,0,0.4,
,35149,49.0203,12.0069,-55.415,2.7,,0.55,,291.577,296.049,,,0.27,0.51,,,295.884,8.96,-0.00549316,115.488,0.25,,22,-60.9357,2.55,0,0.4,
,35150,49.0203,12.0069,-59.1998,2.7,,0.54,,291.577,296.049,,,0.27,0.51,,,296.274,8.96,-0.00549316,115.488,0.25,,22,-62.265,2.36,0,0.26,
,35151,49.0203,12.0069,-47.6697,2.3,,0.52,,291.577,297.966,,,0.28,0.51,,,296.356,8.96,-0.00549316,115.801,0.25,,22,-43.9728,2,0,0.25,
,35152,49.0203,12.0069,-45.7361,2,,0.52,,291.577,297.966,,,0.28,0.51,,,296.444,8.96,-0.00549316,115.801,0.25,,22,-66.0443,1.67,0,0.37,
,35153,49.0204,12.0069,-58.299,1.8,,0.5,,291.577,300.756,,,0.27,0.51,,,297.015,8.96,-0.00549316,115.378,0.27,,22,-68.1537,1.69,0,0.21,
,35154,49.0204,12.0069,-57.4146,1.7,,0.5,,291.577,300.756,,,0.27,0.51,,,297.175,8.96,-0.00549316,115.378,0.27,,22,-65.7202,1.57,0,0.18,
,35155,49.0204,12.0069,-46.4722,1.7,,0.54,,291.577,304.552,,,0.26,0.51,,,296.867,8.96,-0.00549316,114.335,0.26,,22,-54.3549,1.52,0,0.2,
,35156,49.0204,12.0069,-60.4688,1.5,,0.58,,291.588,304.552,,,0.26,0.51,,,296.911,8.96,-0.00549316,114.335,0.26,,22,-71.4496,1.38,0,0.31,
,35157,49.0204,12.0069,-76.5582,1.7,,0.58,,291.588,308.787,,,0.27,0.51,,,296.812,8.96,-0.00549316,112.11,0.28,,22,-86.9019,1.66,0,0.18,
,35158,49.0204,12.0069,-61.5399,1.7,,0.67,,291.588,308.787,,,0.27,0.51,,,295.763,8.96,-0.00549316,112.11,0.28,,22,-72.9602,1.56,0,0.03,
,35159,49.0204,12.0069,-65.8521,1.5,,0.69,,291.588,312.748,,,0.3,0.51,,,296.351,8.96,-0.00549316,109.133,0.31,,22,-92.2522,1.27,0,0.19,
,35160,49.0204,12.0069,-79.4696,1.1,,0.8,,291.588,312.748,,,0.3,0.51,,,294.549,8.96,-0.00549316,109.133,0.31,,22,-101.398,1.11,0,-0.03,
,35161,49.0204,12.0069,-75.1959,1.1,,0.79,,291.588,316.681,,,0.36,0.51,,,293.956,8.96,-0.00549316,106.337,0.35,,22,-76.8329,1.14,0,-0.16,
,35162,49.0204,12.0069,-64.7809,1.1,,0.86,,291.588,316.681,,,0.36,0.51,,,292.698,8.96,-0.00549316,106.337,0.35,,22,-88.8574,1,0,0.17,
,35163,49.0204,12.0069,-69.3402,1.3,,0.89,,291.588,320.4,,,0.41,0.51,,,291.264,8.96,-0.00549316,102.041,0.42,,22,-90.4669,1.22,0,0.01,
,35164,49.0204,12.0069,-57.1399,1.5,,0.87,,291.588,320.4,,,0.41,0.51,,,290.918,8.96,-0.00549316,102.041,0.42,,22,-74.0698,1.31,0,-0.01,
,35165,49.0204,12.0069,-51.8774,1.5,,0.86,,291.588,323.558,,,0.46,0.51,,,290.121,8.96,-0.00549316,96.6357,0.5,,22,-75.6573,1.33,0,0.23,
,35166,49.0204,12.0069,-56.0028,1.5,,0.85,,291.588,323.558,,,0.46,0.51,,,289.396,8.96,-0.00549316,96.6357,0.5,,22,-72.2681,1.31,0,0.21,
,35167,49.0204,12.0069,-43.4949,1.5,,0.86,,291.588,325.844,,,0.47,0.51,,,288.336,8.96,-0.00549316,88.3685,0.52,,22,-51.8884,1.18,0,0.25,
,35168,49.0204,12.0069,-42.6819,1.7,,0.84,,291.588,325.844,,,0.47,0.51,,,287.88,8.96,-0.00549316,88.3685,0.52,,22,-69.6094,1.29,0,0.53,
,35169,49.0204,12.0069,-72.6086,1.5,,0.83,,291.588,327.376,,,0.48,0.51,,,287.194,8.96,-0.00549316,81.1066,0.51,,22,-89.209,1.44,0,0.29,
,35170,49.0204,12.0069,-63.9569,1.5,,0.82,,291.588,327.376,,,0.48,0.51,,,286.639,8.96,-0.00549316,81.1066,0.51,,22,-52.4982,1.41,0,0.01,
,35171,49.0204,12.0069,-60.8917,1.8,,0.8,,291.577,328.189,,,0.51,0.51,,,286.287,8.96,-0.00549316,76.723,0.51,,22,-90,1.65,0,0.49,
,35172,49.0204,12.0069,-58.7274,1.7,,0.78,,291.577,328.189,,,0.51,0.51,,,285.381,8.97,-0.00549316,76.723,0.51,,22,-53.0035,1.72,0,0,
,35173,49.0204,12.0069,-48.7628,2.2,,0.76,,291.577,328.497,,,0.51,0.51,,,285.095,8.97,-0.00549316,72.2626,0.5,,22,-43.9728,2,0,0.46,
,35175,49.0204,12.0069,-36.925,2.5,,0.76,,291.577,328.497,,,0.51,0.51,,,284.266,8.97,-0.00549316,72.2626,0.5,,22,-38.6829,2.38,0,0.54,
,35176,49.0204,12.0069,-44.0057,2.7,,0.74,,291.566,328.579,,,0.52,0.51,,,283.859,8.97,-0.00549316,68.8129,0.48,,22,-53.4705,2.45,0,0.59,
,35177,49.0204,12.0069,-45.2362,2.8,,0.71,,291.566,328.579,,,0.52,0.51,,,283.31,8.97,-0.00549316,68.8129,0.48,,22,-50.8887,2.75,0,0.43,
,35178,49.0204,12.0068,-52.9486,3,,0.7,,291.566,328.491,,,0.52,0.51,,,282.87,8.97,-0.00549316,66.4014,0.44,,22,-44.8462,2.73,0,0.44,
,35179,49.0204,12.0068,-41.1218,2.8,,0.67,,291.555,328.491,,,0.52,0.51,,,282.513,8.97,-0.00549316,66.4014,0.44,,22,-47.7136,2.55,0,0.49,
,35180,49.0204,12.0068,-34.7772,2.7,,0.67,,291.555,328.425,,,0.51,0.51,,,282.222,8.97,-0.00549316,65.2753,0.43,,22,-39.787,2.42,0,0.45,
,35181,49.0204,12.0068,-33.2721,2.5,,0.62,,291.555,328.425,,,0.51,0.51,,,281.97,8.97,-0.00549316,65.2753,0.43,,22,-38.8477,2.24,0,0.51,
,35182,49.0204,12.0068,-41.3525,2.2,,0.62,,291.555,328.315,,,0.5,0.51,,,281.678,8.97,-0.00549316,63.1989,0.39,,22,-47.0654,1.96,0,0.48,
,35183,49.0204,12.0068,-40.7483,2,,0.6,,291.544,328.315,,,0.48,0.51,,,281.442,8.97,-0.00549316,63.6218,0.39,,22,-47.5269,1.77,0,0.42,
,35184,49.0204,12.0068,-40.6604,1.8,,0.61,,291.544,328.173,,,0.48,0.51,,,280.953,8.97,-0.00549316,63.6218,0.35,,22,-48.3508,1.57,0,0.4,
,35185,49.0204,12.0068,-38.5895,1.7,,0.6,,291.544,328.173,,,0.47,0.51,,,280.772,8.97,-0.00549316,64.1876,0.35,,22,-45,1.06,0,0.4,
,35186,49.0204,12.0068,-23.7634,1,,0.57,,291.533,328.002,,,0.47,0.51,,,280.388,8.97,-0.00549316,64.1876,0.33,,22,-33.4534,0.74,0,0.42,
,35187,49.0204,12.0068,-12.0905,0.8,,0.56,,291.533,328.002,,,0.45,0.51,,,280.069,8.97,-0.00549316,64.9292,0.33,,22,-19.4843,0.5,0,0.47,
,35188,49.0204,12.0068,-25.2905,0.6,,0.54,,291.533,327.794,,,0.45,0.51,,,279.948,8.97,-0.00549316,64.9292,0.27,,22,-46.1371,0.36,0,0.53,
,35189,49.0204,12.0068,-32.7008,0.6,,0.55,,291.522,327.794,,,0.43,0.51,,,279.745,8.97,-0.00549316,65.9235,0.27,,22,-56.3324,0.39,0,0.38,
,35190,49.0204,12.0068,-32.3492,0.5,,0.54,,291.522,327.574,,,0.43,0.51,,,279.624,8.97,-0.00549316,65.9235,0.24,,22,-62.6111,0.3,0,0.29,
,35191,49.0204,12.0068,-32.3492,0.5,,0.53,,291.522,327.574,,,0.42,0.51,,,279.3,8.97,-0.00549316,69.1644,0.24,,22,-97.1246,0.16,0,0.24,
,35192,49.0204,12.0068,-31.333,0.3,,0.54,,291.511,327.612,,,0.42,0.51,,,279.091,8.97,-0.00549316,69.1644,0.27,,22,-97.1246,0.16,0,-0.07,
,35193,49.0204,12.0068,-31.9757,0.3,,0.52,,291.511,327.612,,,0.42,0.51,,,278.701,8.97,-0.00549316,69.2688,0.27,,22,-97.1246,0.16,0,-0.07,
,35194,49.0204,12.0068,-31.9757,0.3,,0.53,,291.511,327.865,,,0.42,0.51,,,278.608,8.97,-0.00549316,69.2688,0.31,,22,-97.1246,0.16,0,-0.07,
,35195,49.0204,12.0068,-32.0746,0.3,,0.53,,291.5,327.865,,,0.41,0.51,,,278.157,8.97,-0.00549316,68.0823,0.31,,22,-97.1246,0.16,0,-0.07,
,35196,49.0204,12.0068,-42.5775,0.3,,0.53,,291.5,328.079,,,0.41,0.51,,,278.031,8.97,-0.00549316,68.0823,0.26,,22,-105.93,0.21,0,-0.07,
,35197,49.0204,12.0068,-63.3527,0.5,,0.52,,291.5,328.079,,,0.41,0.51,,,277.855,8.97,-0.00549316,68.2031,0.26,,22,-96.3336,0.45,0,-0.15,
,35198,49.0204,12.0068,-63.3527,0.5,,0.48,,291.489,328.167,,,0.41,0.51,,,277.69,8.97,-0.00549316,68.2031,0.23,,22,-96.3336,0.45,0,-0.06,
,35199,49.0204,12.0068,-64.3469,0.3,,0.49,,291.489,328.167,,,0.4,0.51,,,277.482,8.97,-0.00549316,67.7527,0.23,,22,-114.884,0.3,0,-0.06,
,35200,49.0204,12.0068,-58.8812,0.3,,0.49,,291.489,328.2,,,0.4,0.51,,,277.355,8.97,-0.00549316,67.7527,0.22,,22,-111.028,0.27,0,-0.21,
,35201,49.0204,12.0068,-58.8812,0.3,,0.5,,291.478,328.2,,,0.39,0.51,,,277.196,8.97,-0.00549316,69.3787,0.22,,22,-111.028,0.27,0,-0.18,
,35202,49.0204,12.0068,-58.8812,0.3,,0.48,,291.478,328.085,,,0.39,0.51,,,276.993,8.97,-0.00549316,69.3787,0.21,,22,-111.028,0.27,0,-0.18,
,35203,49.0204,12.0068,-58.8812,0.3,,0.49,,291.478,328.085,,,0.39,0.52,,,276.91,8.97,-0.00549316,71.087,0.21,,22,-111.028,0.27,0,-0.18,
,35204,49.0204,12.0068,-58.8812,0.3,,0.49,,291.467,327.986,,,0.39,0.52,,,276.702,8.97,-0.00549316,71.087,0.21,,22,-111.028,0.27,0,-0.18,
,35205,49.0204,12.0068,-58.8812,0,,0.48,,291.467,327.986,,,0.39,0.52,,,276.57,8.97,-0.00549316,72.0428,0.21,,22,-180,0.25,0,-0.18,
,35206,49.0204,12.0068,-58.8812,0,,0.45,,291.467,328.178,,,0.39,0.52,,,276.301,8.97,-0.00549316,72.0428,0.2,,22,-180,0.25,0,-0.48,
,35207,49.0204,12.0068,-58.8812,0,,0.43,,291.456,328.178,,,0.38,0.52,,,276.312,8.97,-0.00549316,70.2795,0.2,,22,-180,0.25,0,-0.48,
,35208,49.0204,12.0068,-58.8812,0,,0.46,,291.456,328.535,,,0.38,0.52,,,276.042,8.97,-0.00549316,70.2795,0.18,,22,-180,0.25,0,-0.48,
,35209,49.0204,12.0068,-58.8812,0,,0.49,,291.456,328.535,,,0.37,0.52,,,275.724,8.97,-0.00549316,70.6805,0.18,,22,-180,0.25,0,-0.48,
,35210,49.0204,12.0068,-58.8812,0,,0.5,,291.445,328.513,,,0.37,0.52,,,275.581,8.97,-0.00549316,70.6805,0.14,,22,-180,0.26,0,-0.48,
,35211,49.0204,12.0068,-58.8812,0,,0.49,,291.445,328.513,,,0.39,0.52,,,275.098,8.97,-0.00549316,73.7402,0.14,,22,-180,0.26,0,-0.5,
,35212,49.0204,12.0068,-58.8812,0,,0.5,,291.445,328.228,,,0.39,0.52,,,275.164,8.97,-0.00549316,73.7402,0.13,,22,-180,0.26,0,-0.5,
,35213,49.0204,12.0068,-58.8812,0,,0.5,,291.434,328.228,,,0.4,0.52,,,274.763,8.97,-0.00549316,76.0913,0.13,,22,-180,0.26,0,-0.5,
,35214,49.0204,12.0068,-58.8812,0,,0.48,,291.434,327.717,,,0.4,0.52,,,274.477,8.97,-0.00549316,76.0913,0.11,,22,-180,0.26,0,-0.5,
,35215,49.0204,12.0068,-58.8812,0,,0.48,,291.423,327.717,,,0.41,0.52,,,274.493,8.97,-0.00549316,78.739,0.11,,22,-180,0.26,0,-0.5,
,35216,49.0204,12.0068,-58.8812,0,,0.46,,291.423,327.145,,,0.41,0.52,,,274.158,8.97,-0.00549316,78.739,0.13,,22,-180,0.25,0,-0.5,
,35218,49.0204,12.0068,-58.8812,0,,0.48,,291.423,327.145,,,0.41,0.52,,,274.043,8.97,-0.00549316,80.5243,0.13,,22,-180,0.25,0,-0.48,
,35219,49.0204,12.0068,-58.8812,0,,0.47,,291.412,326.64,,,0.41,0.52,,,273.873,8.97,-0.00549316,80.5243,0.13,,22,-180,0.25,0,-0.48,
,35220,49.0204,12.0068,-58.8812,0,,0.48,,291.412,326.64,,,0.41,0.52,,,273.669,8.97,-0.00549316,80.1453,0.13,,22,-180,0.25,0,-0.48,
,35221,49.0204,12.0068,-58.8812,0,,0.48,,291.401,326.162,,,0.41,0.52,,,273.444,8.97,-0.00549316,80.1453,0.14,,22,-180,0.25,0,-0.48,
,35222,49.0204,12.0068,-58.8812,0,,0.47,,291.401,326.162,,,0.41,0.52,,,273.378,8.97,-0.00549316,78.4589,0.14,,22,-180,0.25,0,-0.48,
,35223,49.0204,12.0068,-58.8812,0,,0.48,,291.401,325.618,,,0.41,0.52,,,273.071,8.97,-0.00549316,78.4589,0.15,,22,-180,0.25,0,-0.47,
,35224,49.0204,12.0068,-58.8812,0,,0.46,,291.39,325.618,,,0.4,0.52,,,272.895,8.97,-0.00549316,77.6569,0.15,,22,-180,0.25,0,-0.47,
,35225,49.0204,12.0068,-58.8812,0,,0.47,,291.39,325.118,,,0.4,0.52,,,272.433,8.97,-0.00549316,77.2614,0.15,,22,-180,0.25,0,-0.47,
,35226,49.0204,12.0068,-58.8812,0,,0.46,,291.379,325.118,,,0.4,0.52,,,272.17,8.97,-0.00549316,77.2614,0.15,,22,-180,0.25,0,-0.47,
,35227,49.0204,12.0068,-122.552,0.1,,0.45,,291.379,324.503,,,0.4,0.52,,,272.159,8.97,-0.00549316,76.8164,0.13,,22,-162.762,0.3,0,-0.47,
,35228,49.0204,12.0068,-122.552,0.1,,0.45,,291.368,324.503,,,0.4,0.52,,,271.906,8.97,-0.00549316,76.8164,0.13,,22,-162.762,0.3,0,-0.43,
,35229,49.0204,12.0068,-117.499,0.3,,0.46,,291.368,323.91,,,0.39,0.52,,,271.637,8.97,-0.00549316,76.0089,0.11,,22,-144.624,0.46,0,-0.43,
,35230,49.0204,12.0068,-117.499,0.3,,0.43,,291.368,323.91,,,0.39,0.52,,,271.335,8.97,-0.00549316,76.0089,0.11,,22,-144.624,0.46,0,-0.38,
,35231,49.0204,12.0068,-120.97,0.3,,0.45,,291.357,323.328,,,0.38,0.52,,,271.099,8.97,-0.00549316,76.5253,0.11,,22,-146.332,0.46,0,-0.38,
,35232,49.0204,12.0068,-92.3291,0.5,,0.45,,291.357,323.328,,,0.38,0.52,,,270.747,8.97,-0.00549316,76.5253,0.11,,22,-117.455,0.56,0,-0.38,
,35233,49.0204,12.0068,-104.244,0.8,,0.45,,291.346,322.828,,,0.38,0.52,,,270.676,8.97,-0.00549316,77.4152,0.1,,22,-118.85,0.89,0,-0.21,
,35234,49.0204,12.0068,-108.045,0.8,,0.45,,291.346,322.828,,,0.38,0.52,,,270.324,8.97,-0.00549316,77.4152,0.1,,22,-105.095,1.03,0,-0.22,
,35235,49.0204,12.0068,-86.8744,1,,0.43,,291.335,322.256,,,0.39,0.52,,,270.011,8.97,-0.00549316,78.3435,0.1,,22,-99.635,1.01,0,-0.12,
,35236,49.0204,12.0068,-104.414,1,,0.45,,291.335,322.256,,,0.39,0.52,,,269.824,8.97,-0.00549316,78.3435,0.1,,22,-116.79,1.08,0,-0.08,
,35237,49.0204,12.0068,-111.874,0.8,,0.43,,291.335,321.85,,,0.39,0.52,,,269.588,8.97,-0.00549316,77.8326,0.1,,22,-126.612,0.92,0,-0.21,
,35238,49.0204,12.0068,-113.994,0.8,,0.43,,291.324,321.85,,,0.39,0.52,,,269.396,8.97,-0.00549316,77.8326,0.1,,22,-126.612,0.92,0,-0.26,
,35239,49.0204,12.0068,-111.539,0.8,,0.42,,291.324,321.526,,,0.38,0.52,,,268.967,8.97,-0.00549316,78.3215,0.1,,22,-124.206,0.9,0,-0.26,
,35240,49.0204,12.0068,-109.528,0.6,,0.42,,291.313,321.526,,,0.38,0.52,,,268.698,8.97,-0.00549316,78.3215,0.1,,22,-126.37,0.7,0,-0.24,
,35241,49.0204,12.0068,-105.397,0.5,,0.43,,291.313,321.443,,,0.37,0.52,,,268.445,8.98,-0.00549316,77.3987,0.1,,22,-125.519,0.6,0,-0.25,
,35242,49.0204,12.0068,-105.397,0.5,,0.43,,291.302,321.443,,,0.37,0.52,,,268.094,8.98,-0.00549316,77.3987,0.1,,22,-135,0.42,0,-0.25,
,35243,49.0204,12.0068,-104.084,0.3,,0.42,,291.302,321.471,,,0.37,0.52,,,267.545,8.98,-0.00549316,76.7615,0.1,,22,-135,0.42,0,-0.31,
,35244,49.0204,12.0068,-104.084,0.3,,0.42,,291.292,321.471,,,0.37,0.52,,,267.237,8.98,-0.00549316,76.7615,0.1,,22,-135,0.42,0,-0.31,
,35245,49.0204,12.0068,-96.5479,0.1,,0.42,,291.292,321.603,,,0.37,0.52,,,266.77,8.98,-0.00549316,76.0913,0.1,,22,-156.506,0.25,0,-0.31,
,35246,49.0204,12.0068,-96.5479,0.1,,0.42,,291.281,321.603,,,0.37,0.52,,,266.435,8.98,-0.00549316,76.0913,0.1,,22,-156.506,0.25,0,-0.39,
,35247,49.0204,12.0068,-96.5479,0.1,,0.42,,291.281,321.663,,,0.37,0.52,,,266.281,8.98,-0.00549316,75.0751,0.1,,22,-156.506,0.25,0,-0.39,
,35248,49.0204,12.0068,-96.5479,0.1,,0.42,,291.27,321.663,,,0.37,0.52,,,265.941,8.98,-0.00549316,75.0751,0.1,,22,-156.506,0.25,0,-0.39,
,35249,49.0204,12.0068,-96.5479,0.1,,0.42,,291.27,321.52,,,0.37,0.52,,,265.869,8.98,-0.00549316,74.361,0.1,,22,-156.506,0.25,0,-0.39,
,35250,49.0204,12.0068,-96.5479,0,,0.42,,291.259,321.52,,,0.37,0.52,,,265.699,8.98,-0.00549316,74.361,0.1,,22,-180,0.22,0,-0.39,
,35251,49.0204,12.0068,-96.5479,0,,0.41,,291.259,320.889,,,0.37,0.52,,,265.49,8.98,-0.00549316,73.7073,0.1,,22,-180,0.22,0,-0.42,
,35252,49.0204,12.0068,-96.5479,0,,0.41,,291.248,320.889,,,0.37,0.52,,,265.073,8.98,-0.00549316,73.7073,0.1,,22,-180,0.22,0,-0.42,
,35253,49.0204,12.0068,-96.5479,0,,0.41,,291.248,319.818,,,0.37,0.52,,,264.776,8.98,-0.00549316,73.158,0.1,,22,-180,0.22,0,-0.42,
,35254,49.0204,12.0068,-96.5479,0,,0.41,,291.237,319.818,,,0.37,0.52,,,264.359,8.98,-0.00549316,73.158,0.1,,22,-180,0.22,0,-0.42,
,35255,49.0204,12.0068,-96.5479,0,,0.41,,291.237,317.296,,,0.37,0.52,,,263.787,8.98,-0.00549316,72.702,0.1,,22,-180,0.22,0,-0.42,
,35256,49.0204,12.0068,-96.5479,0,,0.41,,291.226,317.296,,,0.37,0.52,,,263.809,8.98,-0.00549316,72.702,0.1,,22,-180,0.22,0,-0.41,
,35257,49.0204,12.0068,-96.5479,0,,0.41,,291.226,314.127,,,0.36,0.52,,,263.546,8.98,-0.00549316,71.8561,0.1,,22,-180,0.22,0,-0.41,
,35258,49.0204,12.0068,-96.5479,0,,0.41,,291.215,314.127,,,0.36,0.52,,,263.238,8.98,-0.00549316,71.8561,0.1,,22,-180,0.22,0,-0.41,
,35259,49.0204,12.0068,-96.5479,0,,0.4,,291.215,311.726,,,0.35,0.52,,,263.199,8.98,-0.00549316,71.4606,0.1,,22,-180,0.22,0,-0.41,
,35261,49.0204,12.0068,-96.5479,0,,0.4,,291.204,311.726,,,0.35,0.52,,,263.145,8.98,-0.00549316,71.4606,0.1,,22,-180,0.21,0,-0.41,
,35262,49.0204,12.0068,-96.5479,0,,0.39,,291.204,309.93,,,0.35,0.52,,,262.853,8.98,-0.00549316,71.153,0.1,,22,-180,0.21,0,-0.4,
,35263,49.0204,12.0068,-96.5479,0,,0.39,,291.193,309.93,,,0.35,0.52,,,262.623,8.98,-0.00549316,71.153,0.1,,22,-180,0.21,0,-0.4,
,35264,49.0204,12.0068,-96.5479,0,,0.37,,291.193,309.177,,,0.34,0.52,,,262.381,8.98,-0.00549316,70.5487,0.08,,22,-180,0.21,0,-0.4,
,35265,49.0204,12.0068,-96.5479,0,,0.35,,291.182,309.177,,,0.34,0.52,,,262.112,8.98,-0.00549316,70.5487,0.08,,22,-180,0.21,0,-0.4,
,35266,49.0204,12.0068,-96.5479,0,,0.35,,291.182,308.688,,,0.33,0.52,,,261.947,8.98,-0.00549316,69.9225,0.07,,22,-180,0.21,0,-0.4,
,35267,49.0204,12.0068,-96.5479,0,,0.35,,291.171,308.688,,,0.33,0.52,,,261.925,8.98,-0.00549316,69.9225,0.07,,22,-180,0.19,0,-0.4,
,35268,49.0204,12.0068,-96.5479,0,,0.35,,291.171,307.947,,,0.32,0.52,,,261.788,8.98,-0.00549316,70.8179,0.04,,22,-86.2701,0.46,0,-0.35,
