"Tag";"Stunde";"Minute";"Ruderschlaege/Minute";"Segel"
3;10;30;10;0
3;10;31;14;0
3;10;32;0;0
3;10;33;19;0
3;10;34;29;0
3;10;35;10;0
3;10;36;22;0
3;10;37;12;0
3;10;38;4;0
3;10;39;17;0
3;10;40;0;0
3;10;41;0;0
3;10;42;25;0
3;10;43;24;0
3;10;44;13;0
3;10;45;13;0
3;10;46;15;0
3;10;47;10;0
3;10;48;30;0
3;10;49;32;0
3;10;50;8;0
3;10;51;15;0
3;10;52;26;0
3;10;53;22;0
3;10;54;30;0
3;10;55;19;0
3;10;56;25;0
3;10;57;31;0
3;10;58;30;0
3;10;59;30;0
3;11;0;18;0
3;11;1;20;0
3;11;2;1;0
3;11;5;0;1
3;11;6;0;1
3;11;7;0;1
3;11;8;0;1
3;11;9;0;1
3;11;10;0;1
3;11;11;0;1
3;11;12;0;1
3;11;13;0;1
3;11;14;0;1
3;11;15;0;1
3;11;18;24;0
3;11;19;30;0
3;12;51;5;0
3;12;52;21;0
3;12;53;24;0
3;12;54;16;0
3;12;55;4;0
3;12;56;22;0
3;12;57;6;0
3;12;58;20;0
3;12;59;26;0
3;13;0;26;0
3;13;1;27;0
3;13;2;8;0
3;13;3;23;0
3;13;4;20;0
3;13;5;0;0
3;13;6;-10;0
3;13;7;0;0
3;13;8;0;0
3;13;9;0;1
3;13;10;0;1
3;13;11;0;1
3;13;12;0;1
3;13;13;0;1
3;13;14;0;1
3;13;15;0;1
3;13;16;0;1
3;13;17;0;1
3;13;18;0;1
3;13;19;0;1
3;13;20;0;1
3;13;21;0;1
3;13;22;0;0
3;13;23;-8;0
3;13;24;-14;0
3;13;32;11;0
3;13;33;12;0
3;13;34;8;0
3;13;35;23;0
3;13;36;24;0
3;13;37;0;0
3;13;38;18;0
3;13;39;25;0
3;13;40;11;0
3;13;41;11;0
3;13;42;23;0
3;13;43;26;0
3;13;44;19;0
3;13;45;-4;0
3;13;46;-4;0
3;13;47;0;0
3;13;48;0;0
3;13;49;-6;0
3;13;50;0;0
3;13;51;0;1
3;13;52;0;1
3;13;53;0;1
3;13;54;0;1
3;13;55;0;1
3;13;56;0;1
3;13;57;0;1
3;13;58;0;1
3;13;59;0;1
3;14;0;0;1
3;14;1;-15;0
3;14;2;8;0
3;14;3;11;0
3;14;4;4;0
3;14;5;-1;0
3;14;15;20;0
3;14;16;21;0
3;14;17;21;0
3;14;18;6;0
3;14;19;8;0
3;14;20;22;0
3;14;21;27;0
3;14;22;22;0
3;14;23;-1;0
3;14;24;-14;0
3;14;25;-9;0
3;14;26;0;0
3;14;27;0;1
3;14;28;0;1
3;14;29;0;1
3;14;30;0;1
3;14;31;0;0
3;14;32;0;0
3;14;33;-12;0
3;14;34;-18;0
3;14;35;-8;0
3;14;36;5;0
3;14;37;-13;0
3;17;22;25;0
3;17;23;6;0
3;17;24;30;0
3;17;25;0;0
3;17;26;13;0
3;17;27;25;0
3;17;28;22;0
3;17;29;0;0
3;17;30;21;0
3;17;31;23;0
3;17;32;32;0
3;17;33;9;0
3;17;34;26;0
3;17;35;30;0
3;17;36;0;0
3;17;37;0;0
3;17;38;22;0
3;17;39;7;0
3;17;40;0;0
3;17;41;0;0
3;17;42;0;1
3;17;43;0;1
3;17;44;0;1
3;17;45;0;1
3;17;46;0;1
3;17;47;0;1
3;17;48;0;1
3;17;49;17;0
3;17;50;16;0
3;17;51;24;0
3;17;52;32;0
3;17;53;20;0
3;17;54;4;0
3;17;55;31;0
3;17;56;30;0
3;17;57;6;0
3;17;58;31;0
3;17;59;25;0
3;18;0;20;0
3;18;1;6;0
3;18;2;0;1
3;18;3;0;1
3;18;4;0;1
3;18;5;0;1
3;18;6;0;1
3;18;7;0;1
3;18;8;1;0
3;18;9;9;0
3;18;10;23;0
3;18;11;6;0
3;18;12;7;0
3;18;13;47;0
3;18;14;32;0
3;18;15;1;0
3;18;16;20;0
3;18;17;32;0
3;18;18;33;0
3;18;19;32;0
3;18;20;33;0
3;18;21;32;0
3;18;22;34;0
3;18;23;21;0
3;18;24;0;0
3;18;25;0;1
3;18;26;0;1
3;18;27;0;1
3;18;28;0;1
3;18;29;0;1
3;18;30;0;1
3;18;31;0;1
3;18;32;0;1
3;18;33;0;1
3;18;34;0;1
3;18;35;0;1
3;18;36;0;1
3;18;37;0;1
3;18;38;0;1
3;18;39;0;1
3;18;40;0;1
3;18;41;0;1
3;18;42;-3;1
3;18;43;-10;1
3;18;44;0;1
3;18;45;0;1
3;18;46;0;1
3;18;47;0;1
3;18;48;0;1
3;18;49;0;0
3;18;50;-18;0
3;18;51;11;0
3;18;52;31;0
3;18;53;34;0
3;18;54;6;0
3;18;55;5;0
4;9;41;7;0
4;9;42;30;0
4;9;43;34;0
4;9;44;27;0
4;9;45;0;0
4;9;46;0;0
4;9;47;0;0
4;9;48;0;0
4;9;49;0;0
4;9;50;0;0
4;9;51;0;0
4;9;52;0;0
4;9;53;0;0
4;9;54;-20;0
4;9;55;-23;0
4;9;56;34;0
4;9;57;35;0
4;9;58;31;0
4;9;59;-21;0
4;10;0;0;0
4;10;1;-7;0
4;10;2;40;0
4;10;3;24;0
4;10;4;37;0
4;10;5;35;0
4;10;6;35;0
4;10;7;37;0
4;10;8;35;0
4;10;9;24;0
4;10;10;0;0
4;10;11;0;0
4;10;12;0;0
4;10;13;0;0
4;10;14;0;0
4;10;15;0;0
4;10;16;-26;0
4;10;17;32;0
4;10;18;34;0
4;10;19;-41;0
4;10;20;7;0
4;10;21;0;1
4;10;22;0;1
4;10;23;0;1
4;10;24;0;1
4;10;25;0;1
4;10;26;0;1
4;10;27;0;1
4;10;28;0;1
4;10;29;0;1
4;10;30;0;1
4;10;31;0;1
4;10;32;0;1
4;10;33;0;1
4;10;34;0;1
4;10;35;0;1
4;10;36;0;1
4;10;37;0;1
4;10;38;0;1
4;10;39;0;1
4;10;40;0;1
4;10;41;0;1
4;10;42;0;1
4;10;43;0;1
4;10;44;0;0
4;10;45;-6;0
4;10;46;11;0
4;10;47;-31;0
4;10;48;25;0
4;10;49;-32;0
4;10;50;13;0
4;11;15;10;0
4;11;16;22;0
4;11;17;26;0
4;11;18;12;0
4;11;19;23;0
4;11;20;35;0
4;11;21;25;0
4;11;22;0;0
4;11;23;12;0
4;11;24;36;0
4;11;25;15;0
4;11;26;2;0
4;11;27;0;1
4;11;28;0;1
4;11;29;0;1
4;11;30;0;1
4;11;31;0;1
4;11;32;0;1
4;11;33;0;1
4;11;34;0;1
4;11;35;0;1
4;11;36;0;1
4;11;37;0;1
4;11;38;0;1
4;11;39;0;1
4;11;40;0;0
4;11;41;10;0
4;11;42;5;0
4;11;43;31;0
4;11;44;35;0
4;11;45;24;0
4;11;46;0;0
4;11;47;0;0
4;11;48;24;0
4;11;49;37;0
4;11;50;35;0
4;11;51;6;0
4;11;52;13;0
4;11;53;3;0
4;11;54;18;0
4;11;55;0;0
4;11;56;0;0
4;11;57;0;0
4;11;58;0;0
4;11;59;0;0
4;12;0;0;0
4;12;1;0;0
4;12;2;0;0
4;12;3;0;0
4;12;4;0;0
4;12;5;14;0
4;12;6;31;0
4;12;7;35;0
4;12;8;35;0
4;12;9;-20;0
4;12;10;-18;0
4;12;11;0;1
4;12;12;0;1
4;12;13;0;1
4;12;14;0;1
4;12;15;0;1
4;12;16;0;1
4;12;17;0;1
4;12;18;-16;0
4;12;19;9;0
4;12;20;13;0
4;13;18;9;0
4;13;19;32;0
4;13;20;27;0
4;13;21;3;0
4;13;22;35;0
4;13;23;36;0
4;13;24;14;0
4;13;25;0;0
4;13;26;-24;0
4;13;27;4;0
4;13;28;37;0
4;13;29;13;0
4;13;30;34;0
4;13;31;36;0
4;13;32;36;0
4;13;33;25;0
4;13;34;10;0
4;13;35;5;0
4;17;33;10;0
4;17;34;36;0
4;17;35;36;0
4;17;36;36;0
4;17;37;36;0
4;17;38;36;0
4;17;39;28;0
4;17;40;0;0
4;17;41;-5;0
4;17;42;0;0
4;17;43;0;0
4;17;44;0;1
4;17;45;0;1
4;17;46;0;1
4;17;47;0;1
4;17;48;0;1
4;17;49;0;1
4;17;50;0;1
4;17;51;0;1
4;17;52;0;1
4;17;53;0;1
4;17;54;0;1
4;17;55;0;1
4;17;56;0;1
4;17;57;0;0
4;17;58;-9;0
4;17;59;16;0
4;18;0;36;0
4;18;1;36;0
4;18;2;21;0
4;18;3;1;0
4;18;19;20;0
4;18;20;36;0
4;18;21;36;0
4;18;22;10;0
4;18;23;12;0
4;18;24;37;0
4;18;25;37;0
4;18;26;-25;0
4;18;27;14;0
4;18;28;0;0
4;18;29;0;1
4;18;30;0;1
4;18;31;0;1
4;18;32;0;1
4;18;33;0;1
4;18;34;0;1
4;18;35;0;1
4;18;36;0;1
4;18;37;0;1
4;18;38;0;1
4;18;39;0;1
4;18;40;0;1
4;18;41;0;1
4;18;42;0;1
4;18;43;0;1
4;18;44;0;1
4;18;45;0;1
4;18;46;0;1
4;18;47;0;1
4;18;48;0;1
4;18;49;-3;1
4;18;50;-4;1
4;18;51;0;1
4;18;52;0;1
4;18;53;0;1
4;18;54;0;1
4;18;55;0;1
4;18;56;0;1
4;18;57;0;1
4;18;58;0;1
4;18;59;0;1
4;19;0;0;1
4;19;1;0;1
4;19;2;0;1
4;19;3;0;1
4;19;4;0;1
4;19;5;0;1
4;19;6;2;0
4;19;7;-17;0
4;19;8;9;0
5;9;31;16;0
5;9;32;8;0
5;9;33;24;0
5;9;34;23;0
5;9;35;24;0
5;9;36;24;0
5;9;37;14;0
5;9;38;0;0
5;9;39;0;0
5;9;40;0;0
5;9;41;-2;0
5;9;42;-26;0
5;9;43;6;0
5;9;44;23;0
5;9;45;24;0
5;9;46;-25;0
5;9;47;-25;0
5;9;48;-21;0
5;9;49;-20;0
5;9;50;0;0
5;9;51;0;0
5;9;52;0;0
5;9;53;-4;0
5;9;54;0;0
5;9;55;10;0
5;9;56;21;0
5;9;57;28;0
5;9;58;6;0
5;9;59;0;0
5;10;0;0;0
5;10;1;0;0
5;10;2;0;0
5;10;3;0;0
5;10;4;-20;0
5;10;5;0;1
5;10;6;0;1
5;10;7;0;1
5;10;8;0;1
5;10;9;0;1
5;10;10;0;1
5;10;11;0;1
5;10;12;0;1
5;10;13;0;1
5;10;14;0;1
5;10;15;0;1
5;10;16;0;1
5;10;17;0;1
5;10;18;0;1
5;10;19;0;1
5;10;20;0;1
5;10;21;0;1
5;10;22;0;1
5;10;23;0;1
5;10;24;0;1
5;10;25;0;1
5;10;26;0;1
5;10;27;0;1
5;10;28;0;1
5;10;29;0;1
5;10;30;0;1
5;10;31;0;1
5;10;32;0;0
5;10;33;2;0
5;10;34;-4;0
5;10;35;0;0
5;11;14;14;0
5;11;15;29;0
5;11;16;20;0
5;11;17;-15;0
5;11;18;13;0
5;11;19;17;0
5;11;20;21;0
5;11;21;12;0
5;11;22;7;0
5;11;23;36;0
5;11;24;6;0
5;11;25;0;0
5;11;26;0;0
5;11;27;0;0
5;11;28;16;0
5;11;29;29;0
5;11;30;30;0
5;11;31;12;0
5;11;32;32;0
5;11;33;34;0
5;11;34;33;0
5;11;35;36;0
5;11;36;36;0
5;11;37;35;0
5;11;38;31;0
5;11;39;2;0
5;11;40;0;1
5;11;41;0;1
5;11;42;0;1
5;11;43;0;1
5;11;44;0;1
5;11;45;0;1
5;11;46;0;1
5;11;47;0;1
5;11;48;0;1
5;11;49;0;1
5;11;50;0;1
5;11;51;0;1
5;11;52;0;1
5;11;53;0;1
5;11;54;0;1
5;11;55;0;1
5;11;56;0;1
5;11;57;0;1
5;11;58;0;0
5;11;59;3;0
5;12;0;19;0
5;13;2;24;0
5;13;3;31;0
5;13;4;34;0
5;13;5;27;0
5;13;6;0;0
5;13;7;22;0
5;13;8;13;0
5;13;9;31;0
5;13;10;26;0
5;13;11;0;0
5;13;12;-10;0
5;13;13;-17;0
5;13;14;0;1
5;13;15;0;1
5;13;16;0;1
5;13;17;0;1
5;13;18;0;1
5;13;19;0;1
5;13;20;0;1
5;13;21;0;1
5;13;22;0;1
5;13;23;0;1
5;13;24;0;1
5;13;25;0;1
5;13;26;-23;0
5;13;27;30;0
5;13;28;34;0
5;13;29;14;0
5;13;30;15;0
5;13;31;31;0
5;13;32;27;0
5;13;33;0;0
5;13;34;0;1
5;13;35;0;1
5;13;36;0;1
5;13;37;0;1
5;13;38;0;1
5;13;39;0;1
5;13;40;0;1
5;13;41;0;1
5;13;42;0;1
5;13;43;0;1
5;13;44;0;1
5;13;45;0;1
5;13;46;0;0
5;13;47;-11;0
5;13;48;-28;0
5;13;49;32;0
5;13;50;-4;0
5;13;51;-14;0
5;13;52;7;0
5;13;53;3;0
5;14;49;29;0
5;14;50;34;0
5;14;51;29;0
5;14;52;0;0
5;14;53;28;0
5;14;54;30;0
5;14;55;10;0
5;14;56;15;0
5;14;57;0;1
5;14;58;0;1
5;14;59;0;1
5;15;1;0;1
5;15;2;0;1
5;15;3;0;1
5;15;4;0;1
5;15;5;0;1
5;15;6;0;1
5;15;7;0;0
5;15;8;3;0
5;15;9;34;0
5;15;10;30;0
5;15;11;10;0
5;15;12;17;0
5;15;13;7;0
5;15;14;19;0
5;15;15;30;0
5;15;16;30;0
5;15;17;0;0
5;15;18;0;0
5;15;19;19;0
5;15;20;25;0
5;15;21;28;0
5;15;22;3;0
5;15;23;10;0
5;15;24;0;1
5;15;25;0;1
5;15;26;0;1
5;15;27;0;1
5;15;28;0;1
5;15;29;0;1
5;15;30;0;1
5;15;31;0;1
5;15;32;0;0
5;15;33;6;0
5;15;34;26;0
5;15;35;33;0
5;15;36;24;0
5;15;37;7;0
5;15;38;-3;0
5;16;32;9;0
5;16;33;23;0
5;16;34;15;0
5;16;35;28;0
5;16;36;20;0
5;16;37;-1000;0
5;16;38;-1000;0
5;16;39;-1000;0
5;16;40;-1000;0
5;16;41;-1000;0
5;16;42;-1000;0
5;16;43;-1000;0
5;16;44;37;0
5;16;45;36;0
5;16;46;13;0
5;16;47;-18;0
5;16;48;0;1
5;16;49;0;1
5;16;50;0;1
5;16;51;0;1
5;16;52;0;1
5;16;53;0;1
5;16;54;0;1
5;16;55;0;1
5;16;56;0;1
5;16;57;0;1
5;16;58;0;1
5;16;59;0;1
5;17;0;0;1
5;17;1;0;1
5;17;2;0;1
5;17;3;0;1
5;17;4;0;1
5;17;5;0;1
5;17;6;0;1
5;17;7;0;1
5;17;8;0;1
5;17;9;0;1
5;17;10;0;1
5;17;11;0;1
5;17;12;0;0
5;17;13;-14;0
5;17;14;17;0
5;17;15;33;0
5;17;16;-21;0
5;17;17;5;0
6;9;12;20;0
6;9;13;21;0
6;9;14;35;0
6;9;15;10;0
6;9;16;4;0
6;9;17;29;0
6;9;18;0;0
6;9;19;-24;0
6;9;20;-10;0
6;9;21;0;0
6;9;22;0;0
6;9;23;18;0
6;9;24;36;0
6;9;25;19;0
6;9;26;0;0
6;9;27;0;0
6;9;28;-14;0
6;9;29;-7;0
6;9;30;20;0
6;9;31;23;0
6;9;32;13;0
6;9;33;36;0
6;9;34;37;0
6;9;35;0;0
6;9;36;0;0
6;9;37;0;0
6;9;38;0;0
6;9;39;0;0
6;9;40;0;0
6;9;41;-16;0
6;9;42;2;0
6;9;43;35;0
6;9;44;-11;0
6;9;45;0;0
6;9;46;17;0
6;9;47;35;0
6;9;48;-9;0
6;9;49;0;0
6;9;50;0;0
6;9;51;0;0
6;9;52;0;0
6;9;53;0;0
6;9;54;13;0
6;9;55;5;0
6;9;56;-16;0
6;9;57;-6;0
6;11;0;18;0
6;11;1;35;0
6;11;2;38;0
6;11;3;18;0
6;11;4;-19;0
6;11;5;-10;0
6;11;6;0;0
6;11;7;0;0
6;11;8;0;0
6;11;9;6;0
6;11;10;35;0
6;11;11;39;0
6;11;12;28;0
6;11;13;-11;0
6;11;14;0;0
6;11;15;-5;0
6;11;16;-1;0
6;13;8;16;0
6;13;9;36;0
6;13;10;-37;0
6;13;11;-37;0
6;13;12;15;0
6;13;13;0;0
6;13;14;0;0
6;13;15;20;0
6;13;16;30;0
6;13;17;-29;0
6;13;18;14;0
6;13;19;0;0
6;13;20;0;1
6;13;21;0;1
6;13;22;0;1
6;13;23;0;0
6;13;24;0;0
6;13;25;27;0
6;13;26;32;0
6;13;27;35;0
6;13;28;29;0
6;13;29;0;0
6;13;30;10;0
6;13;31;31;0
6;13;32;36;0
6;13;33;6;0
9;14;0;2;0
9;14;1;10;0
9;14;2;12;0
9;14;3;12;0
9;14;4;0;0
9;14;5;15;0
9;14;6;18;0
9;14;7;14;0
9;14;8;-5;0
9;14;9;-12;0
9;14;10;-1;0
9;14;11;-1;0
9;14;12;-1;0
9;14;13;-1;0
9;14;14;-1;0
9;14;15;-1;0
9;14;16;-1;0
9;14;17;7;0
9;14;18;4;0
9;14;19;5;0
9;14;20;0;0
9;14;21;0;0
9;14;22;0;0
9;14;23;0;0
9;14;24;0;0
9;14;25;8;0
9;14;26;7;0
9;14;27;9;0
9;14;28;1;0
9;14;52;9;0
9;14;53;13;0
9;14;54;17;0
9;14;55;16;0
9;14;56;20;0
9;14;57;8;0
9;14;58;19;0
9;14;59;22;0
9;15;0;12;0
9;15;1;23;0
9;15;2;22;0
9;15;3;0;0
9;15;4;0;0
9;15;5;13;0
9;15;6;23;0
9;15;7;4;0
9;15;8;23;0
9;15;9;25;0
9;15;10;18;0
9;15;11;10;0
9;15;12;26;0
9;15;13;27;0
9;15;14;7;0
9;15;15;27;0
9;15;16;26;0
9;15;17;13;0
9;15;18;0;0
9;15;19;0;0
9;15;20;0;1
9;15;21;0;1
9;15;22;0;1
9;15;23;0;1
9;15;24;0;1
9;15;25;0;1
9;15;26;0;1
9;15;27;0;1
9;15;28;0;1
9;15;29;0;1
9;15;30;0;1
9;15;31;0;1
9;15;32;0;1
9;15;33;0;1
9;15;34;0;0
9;15;35;0;0
9;15;36;0;0
9;15;37;4;0
9;15;38;10;0
9;15;39;25;0
9;15;40;27;0
9;15;41;26;0
9;15;42;27;0
9;15;43;27;0
9;15;44;27;0
9;15;45;0;0
9;15;46;15;0
9;15;47;0;0
9;15;48;0;1
9;15;49;0;1
9;15;50;0;1
9;15;51;0;1
9;15;52;0;1
9;15;53;0;1
9;15;54;0;1
9;15;55;0;1
9;15;56;0;1
9;15;57;0;1
9;15;58;0;1
9;15;59;0;1
9;16;0;0;1
9;16;1;0;1
9;16;2;0;1
9;16;3;0;1
9;16;4;0;1
9;16;5;0;1
9;16;6;0;1
9;16;7;0;1
9;16;8;0;1
9;16;9;0;1
9;16;10;0;1
9;16;11;0;1
9;16;12;0;1
9;16;13;0;1
9;16;14;0;1
9;16;15;0;1
9;16;16;0;0
9;16;17;20;0
9;16;18;25;0
9;16;19;26;0
9;16;20;26;0
9;16;21;0;0
9;16;22;-26;0
9;16;23;-26;0
9;16;24;-26;0
9;16;25;-26;0
9;16;26;-26;0
9;16;27;0;0
9;16;28;-13;0
9;16;29;-11;0
9;16;30;0;1
9;16;31;0;1
9;16;32;0;1
9;16;33;0;1
9;16;34;0;1
9;16;35;0;1
9;16;36;0;1
9;16;37;0;1
9;16;38;0;1
9;16;39;0;1
9;16;40;0;1
9;16;41;0;0
9;16;42;25;0
9;16;43;11;0
9;16;44;18;0
9;16;45;8;0
9;16;46;29;0
9;16;47;28;0
9;16;48;27;0
9;16;49;22;0
9;18;21;2;0
9;18;22;25;0
9;18;23;5;0
9;18;24;-22;0
9;18;25;-2;0
9;18;26;-22;0
9;18;27;-9;0
9;18;28;0;0
9;18;29;10;0
9;18;30;20;0
9;18;31;13;0
9;18;32;26;0
9;18;33;27;0
9;18;34;23;0
9;18;35;-11;0
9;18;36;-24;0
9;18;37;15;0
9;18;38;27;0
9;18;39;21;0
9;18;40;0;0
9;18;41;13;0
9;18;42;15;0
9;18;43;23;0
9;18;44;28;0
9;18;45;28;0
9;18;46;28;0
9;18;47;29;0
9;18;48;13;0
9;18;49;0;0
9;18;50;-12;0
9;18;51;-9;0
9;18;52;33;0
9;18;53;0;0
9;18;54;17;0
9;18;55;20;0
9;18;56;-16;0
9;18;57;-26;0
9;18;58;22;0
9;18;59;4;0
10;10;48;10;0
10;10;49;19;0
10;10;50;23;0
10;10;51;17;0
10;10;52;20;0
10;10;53;29;0
10;10;54;1;0
10;10;55;-18;0
10;10;56;-6;0
10;10;57;30;0
10;10;58;31;0
10;10;59;5;0
10;11;0;30;0
10;11;1;13;0
10;11;2;-12;0
10;11;3;-23;0
10;11;4;16;0
10;11;5;0;0
10;11;6;0;0
10;11;7;29;0
10;11;8;33;0
10;11;9;23;0
10;11;10;0;0
10;11;11;-4;0
10;11;12;-17;0
10;11;13;7;0
10;11;14;32;0
10;11;15;32;0
10;11;16;31;0
10;11;17;31;0
10;11;18;9;0
10;11;19;-24;0
10;11;38;5;0
10;11;39;15;0
10;11;40;-18;0
10;11;41;-15;0
10;11;42;9;0
10;11;43;31;0
10;11;44;21;0
10;11;45;-13;0
10;11;46;0;0
10;11;47;-11;0
10;11;48;-15;0
10;11;49;-25;0
10;11;50;-1;0
10;11;51;30;0
10;11;52;-20;0
10;11;53;-16;0
10;11;54;28;0
10;11;55;-15;0
10;11;56;25;0
10;11;57;25;0
10;11;58;30;0
10;11;59;31;0
10;12;0;16;0
10;12;1;5;0
10;12;20;0;0
10;12;21;8;0
10;12;22;32;0
10;12;23;9;0
10;12;24;33;0
10;12;25;22;0
10;12;26;3;0
10;12;27;-24;0
10;12;28;-2;0
10;12;29;0;0
10;12;30;25;0
10;12;31;14;0
10;12;32;34;0
10;12;33;9;0
10;12;34;-1;0
10;12;35;-14;0
10;12;36;-20;0
10;12;37;-2;0
10;12;38;-4;0
10;12;39;0;1
10;12;40;0;1
10;12;41;0;1
10;12;42;-2;1
10;12;43;-18;1
10;12;44;-24;1
10;12;45;-10;1
10;12;46;0;1
10;12;47;0;1
10;12;48;0;1
10;12;49;0;0
10;12;50;-5;0
10;12;51;31;0
10;12;52;24;0
10;12;53;0;0
10;12;54;0;0
10;12;55;0;0
10;12;56;0;0
10;12;57;0;0
10;12;58;0;0
10;12;59;0;0
10;13;0;0;0
10;13;1;0;0
10;13;2;0;0
10;13;3;0;0
10;13;4;0;0
10;13;5;0;0
10;13;6;0;0
10;13;7;0;0
10;13;8;0;0
10;13;9;11;0
10;13;10;0;0
10;13;11;-17;0
10;13;12;-23;0
10;13;13;33;0
10;13;14;32;0
10;13;15;32;0
10;13;16;-8;0
10;13;17;-13;0
10;13;18;-3;0
10;16;18;18;0
10;16;19;32;0
10;16;20;33;0
10;16;21;13;0
10;16;22;33;0
10;16;23;16;0
10;16;24;25;0
10;16;25;33;0
10;16;26;34;0
10;16;27;22;0
10;16;28;-22;0
10;16;29;-9;0
10;16;30;28;0
10;16;31;34;0
10;16;32;-14;0
10;16;33;21;0
10;16;34;34;0
10;16;35;34;0
10;16;36;29;0
10;16;37;-13;0
10;16;38;-20;0
10;16;39;-4;0
10;16;40;0;0
11;12;38;7;0
11;12;39;6;0
11;12;40;-10;0
11;12;41;-18;0
11;12;42;27;0
11;12;43;15;0
11;12;44;-18;0
11;12;45;-20;0
11;12;46;-4;0
11;12;47;14;0
11;12;48;21;0
11;12;49;-6;0
11;12;50;-8;0
11;12;51;-20;0
11;12;52;15;0
11;12;53;-11;0
11;12;54;-17;0
11;12;55;16;0
11;12;56;0;0
11;12;57;0;0
11;12;58;-8;0
11;12;59;-21;0
11;13;0;19;0
11;13;1;24;0
11;13;2;25;0
11;13;3;-2;0
11;13;4;6;0
11;13;57;12;0
11;13;58;0;0
11;13;59;0;0
11;14;0;0;0
11;14;1;0;0
11;14;2;6;0
11;14;3;21;0
11;14;4;26;0
11;14;5;10;0
11;14;6;0;0
11;14;7;0;0
11;14;8;-14;0
11;14;9;0;0
11;14;10;-2;0
11;14;11;0;0
11;14;12;-2;0
11;14;13;-11;0
11;14;14;-20;0
11;14;15;0;0
11;14;16;9;0
11;14;17;-23;0
11;14;18;-17;0
11;14;19;0;0
11;14;20;0;0
11;14;21;4;0
11;14;22;-24;0
11;14;23;-12;0
11;14;24;0;0
11;14;25;0;0
11;14;26;0;0
11;14;27;0;0
11;14;28;0;0
11;14;29;0;0
11;14;30;0;0
11;14;31;-7;0
11;14;32;-19;0
11;14;33;23;0
11;14;34;24;0
11;14;35;24;0
11;14;36;25;0
11;14;37;25;0
11;14;38;10;0
11;14;39;20;0
11;14;40;0;0
11;14;41;0;0
11;14;42;0;0
11;14;43;0;0
11;14;44;0;0
11;14;45;0;1
11;14;46;0;1
11;14;47;0;1
11;14;48;0;1
11;14;49;0;1
11;14;50;0;1
11;14;51;0;1
11;14;52;0;1
11;14;53;0;1
11;14;54;0;1
11;14;55;0;1
11;14;56;0;1
11;14;57;0;0
11;14;58;0;0
11;14;59;-14;0
11;15;0;20;0
11;15;1;24;0
11;15;2;25;0
11;15;3;24;0
11;15;4;5;0
11;15;5;16;0
11;15;6;25;0
11;15;7;25;0
11;15;8;-23;0
11;15;9;-2;0
11;15;30;-4;0
11;15;31;16;0
11;15;32;27;0
11;15;33;10;0
11;15;34;26;0
11;15;35;15;0
11;15;36;4;0
11;15;37;0;0
11;15;38;9;0
11;15;39;24;0
11;15;40;16;0
11;15;41;0;0
11;15;42;14;0
11;15;43;-23;0
11;15;44;5;0
11;15;45;0;0
11;15;46;22;0
11;15;47;-11;0
11;15;48;13;0
11;15;49;20;0
11;15;50;-19;0
11;15;51;0;0
11;15;52;-13;0
11;15;53;24;0
11;15;54;26;0
11;15;55;27;0
11;15;56;26;0
11;15;57;22;0
11;15;58;20;0
11;15;59;-23;0
11;16;0;0;1
11;16;1;0;1
11;16;2;0;1
11;16;3;0;1
11;16;4;1;1
11;16;5;24;1
11;16;6;0;1
11;16;7;0;1
11;16;8;0;1
11;16;9;0;1
11;16;10;0;0
11;16;11;-19;0
11;16;12;26;0
11;16;13;24;0
11;16;14;22;0
11;16;15;25;0
11;16;16;18;0
11;16;17;0;0
11;16;18;-1000;0
11;16;19;-1000;0
11;16;20;-1000;0
11;16;21;-1000;0
11;16;22;-1000;0
11;16;23;-1000;0
11;16;24;0;0
11;16;25;-12;0
11;16;26;6;0
12;10;2;6;0
12;10;3;20;0
12;10;4;20;0
12;10;5;-8;0
12;10;6;-20;0
12;10;7;-9;0
12;10;8;24;0
12;10;9;21;0
12;10;10;-15;0
12;10;11;0;0
12;10;12;0;0
12;10;13;0;0
12;10;14;0;1
12;10;15;0;1
12;10;16;0;1
12;10;17;0;1
12;10;18;0;1
12;10;19;0;1
12;10;20;0;1
12;10;21;0;1
12;10;22;0;1
12;10;23;0;1
12;10;24;-7;0
12;10;25;-16;0
12;10;26;23;0
12;10;27;23;0
12;10;28;23;0
12;10;29;26;0
12;10;30;11;0
12;10;31;25;0
12;10;32;11;0
12;10;33;3;0
12;10;34;-11;0
12;10;35;-9;0
12;10;36;0;0
12;10;37;0;1
12;10;38;0;1
12;10;39;0;1
12;10;40;0;1
12;10;41;0;1
12;10;42;0;0
12;10;43;0;0
12;10;44;0;0
12;10;45;-13;0
12;10;46;-17;0
12;10;47;1;0
12;10;48;-14;0
12;10;49;23;0
12;10;50;24;0
12;10;51;24;0
12;10;52;25;0
12;10;53;26;0
12;10;54;26;0
12;10;55;26;0
12;10;56;27;0
12;10;57;27;0
12;10;58;25;0
12;10;59;27;0
12;11;0;23;0
12;11;1;-2;0
12;11;2;0;0
12;11;3;-9;0
12;11;4;-15;0
12;11;5;25;0
12;11;6;27;0
12;11;7;12;0
12;11;8;0;0
12;11;9;-13;0
12;11;10;-15;0
12;11;11;-3;0
12;11;12;-2;0
12;11;13;-9;0
12;11;14;0;0
12;11;15;13;0
12;11;16;0;0
12;11;17;3;0
12;11;18;19;0
12;11;19;1;0
12;12;4;13;0
12;12;5;23;0
12;12;6;11;0
12;12;7;0;1
12;12;8;0;1
12;12;9;0;1
12;12;10;0;1
12;12;11;0;1
12;12;12;0;1
12;12;13;0;1
12;12;14;0;1
12;12;15;0;1
12;12;16;0;1
12;12;17;0;1
12;12;18;0;1
12;12;19;0;1
12;12;20;0;1
12;12;21;0;1
12;12;22;0;1
12;12;23;0;1
12;12;24;0;1
12;12;25;0;1
12;12;26;0;1
12;12;27;0;1
12;12;28;0;1
12;12;29;0;1
12;12;30;0;1
12;12;31;0;1
12;12;32;0;1
12;12;33;0;1
12;12;34;0;1
12;12;35;0;1
12;12;36;0;1
12;12;37;0;0
12;12;38;0;0
12;12;39;-1000;0
12;12;40;-1000;0
12;12;41;-1000;0
12;12;42;-1000;0
12;12;43;-7;0
12;12;44;-19;0
12;12;45;-5;0
12;12;46;0;0
12;12;47;25;0
12;12;48;1;0
12;12;49;-1000;0
12;12;50;-1000;0
12;12;51;-1000;0
12;12;52;-1000;0
12;12;53;-1000;0
12;12;54;-1000;0
12;12;55;-1000;0
12;12;56;-1001;0
12;12;57;-1001;0
12;12;58;-1001;0
12;12;59;-1001;0
12;13;0;-1001;0
12;13;1;-1001;0
12;13;2;-1001;0
12;13;3;-1001;0
12;13;4;-1001;0
12;13;5;-1001;0
12;13;6;-1001;0
12;13;7;-1001;0
12;13;8;-1001;0
12;13;9;-1001;0
12;13;10;-1001;0
12;13;11;-1001;0
12;13;12;-1001;0
12;13;13;-1001;0
12;13;14;-1001;0
12;13;15;-1001;0
12;13;16;-1001;0
12;13;17;-1001;0
12;13;18;-1001;0
12;13;19;-1001;0
12;13;20;-1001;0
12;13;21;-1001;0
12;13;22;-1001;0
12;13;23;-1001;0
12;13;24;-1001;0
12;13;25;-1001;0
12;13;26;-1001;0
12;13;27;-1001;0
12;13;28;-1001;0
12;13;29;-1001;1
12;13;30;0;1
12;13;31;0;1
12;13;32;0;1
12;13;33;0;1
12;13;34;0;1
12;13;35;0;1
12;13;36;0;1
12;13;37;0;1
12;13;38;0;1
12;13;39;0;1
12;13;40;0;1
12;13;41;0;1
12;13;42;0;1
12;13;43;0;1
12;13;44;0;1
12;13;45;0;1
12;13;46;0;0
12;13;47;-1000;0
12;13;48;-1000;0
12;13;49;-1000;0
12;13;50;-1000;0
12;13;51;-1000;0
12;13;52;-1000;0
12;13;53;-1000;0
12;13;54;-1000;0
12;13;55;-1000;0
12;13;56;-1000;0
12;13;57;-1000;0
12;13;58;-1000;0
12;13;59;-1000;0
12;14;0;-1000;0
12;14;1;-1000;0
12;14;2;-1000;0
12;14;3;-1000;0
12;14;4;-1000;0
12;14;5;-1000;0
12;14;6;-1000;0
12;14;7;-1000;0
12;14;8;-1000;0
12;14;9;-1000;0
12;14;10;-1000;0
12;14;11;-1000;0
12;14;12;-1000;0
12;14;13;-1000;0
12;14;14;-1000;0
12;14;15;-1000;0
12;14;16;-1000;0
12;14;17;-1000;0
12;14;18;-1000;0
12;14;19;-1000;0
12;14;20;-1000;0
12;14;21;-1000;0
12;14;22;-1000;0
12;14;23;-1000;0
12;14;24;-1000;0
12;14;25;-1000;0
12;14;26;-1000;0
12;14;27;-1000;0
12;14;28;-1000;0
12;14;29;0;0
12;14;56;-20;0
12;14;57;-4;0
12;14;58;-12;0
12;14;59;-5;0
12;15;0;0;0
12;15;1;-11;0
12;15;2;-15;0
12;15;3;5;1
12;15;4;0;1
12;15;5;0;1
12;15;6;0;1
12;15;7;0;-1
12;15;8;0;-1
12;15;9;0;-1
12;15;10;0;-1
12;15;11;0;-1
12;15;12;0;-1
12;15;13;0;-1
12;15;14;0;-1
12;15;15;0;-1
12;15;16;0;-1
12;15;17;-6;-1
12;15;18;-20;-1
12;15;19;20;-1
12;15;20;25;-1
12;15;21;29;-1
12;15;22;29;-1
12;15;23;29;-1
12;15;24;29;-1
12;15;25;19;-1
12;15;26;22;-1
12;15;27;27;-1
12;15;28;2;-1
13;9;44;5;-1
13;9;45;17;-1
13;9;46;26;-1
13;9;47;28;-1
13;9;48;29;-1
13;9;49;-17;-1
13;9;50;-22;-1
13;9;51;25;-1
13;9;52;25;-1
13;9;53;-21;-1
13;9;54;-16;-1
13;9;55;16;-1
13;9;56;24;-1
13;9;57;26;-1
13;9;58;20;-1
13;9;59;-19;-1
13;10;0;0;-1
13;10;1;0;-1
13;10;2;21;-1
13;10;3;30;-1
13;10;4;15;-1
13;10;5;0;-1
13;10;6;-2;-1
13;10;7;-16;-1
13;10;8;18;-1
13;10;9;28;-1
13;10;10;28;-1
13;10;11;28;-1
13;10;12;29;-1
13;10;13;-32;-1
13;10;14;0;-1
13;10;15;0;-1
13;10;16;0;-1
13;10;17;15;-1
13;10;18;25;-1
13;10;19;0;-1
13;10;20;0;-1
13;10;21;0;-1
13;10;22;0;-1
13;10;23;-15;-1
13;10;24;24;-1
13;10;25;15;-1
13;10;26;28;-1
13;10;27;28;-1
13;10;28;-28;-1
13;10;29;-7;-1
13;10;30;0;-1
13;10;31;0;-1
13;10;32;15;-1
13;10;33;-4;-1
13;10;34;-20;-1
13;10;35;6;-1
13;10;36;0;-1
13;10;37;-15;-1
13;10;38;24;-1
13;10;39;29;-1
13;10;40;25;-1
13;10;41;0;-1
13;10;42;0;-1
13;10;43;-13;-1
13;10;44;11;-1
13;10;45;27;-1
13;10;46;19;-1
13;10;47;-17;-1
13;10;48;0;-1
13;10;49;0;-1
13;10;50;0;-1
13;10;51;0;-1
13;10;52;0;-1
13;10;53;0;-1
13;10;54;-15;-1
13;10;55;28;-1
13;10;56;3;-1
13;10;57;0;-1
13;10;58;13;-1
13;10;59;16;-1
13;11;0;-8;-1
13;11;1;-10;-1
13;11;2;20;-1
13;11;3;30;-1
13;11;4;0;-1
13;11;5;0;-1
13;11;6;0;-1
13;11;7;0;-1
13;11;8;0;-1
13;11;9;-23;-1
13;11;10;-12;-1
13;11;11;0;-1
13;12;24;14;-1
13;12;25;22;-1
13;12;26;24;-1
13;12;27;23;-1
13;12;28;22;-1
13;12;29;0;-1
13;12;30;0;-1
13;12;31;9;-1
13;12;32;22;-1
13;12;33;-8;-1
13;12;34;-12;-1
13;12;35;0;-1
13;12;36;0;-1
13;12;37;13;-1
13;12;38;0;-1
13;12;39;2;-1
13;12;40;25;-1
13;12;41;20;-1
13;12;42;0;-1
13;12;43;-19;-1
13;12;44;25;-1
13;12;45;27;-1
13;12;46;28;-1
13;12;47;28;-1
13;12;48;30;-1
13;12;49;29;-1
13;12;50;20;-1
13;12;51;23;-1
13;12;52;20;-1
13;12;53;0;-1
13;12;54;0;-1
13;12;55;0;-1
13;12;56;0;-1
13;12;57;0;-1
13;12;58;0;-1
13;12;59;9;-1
13;13;0;0;-1
13;13;1;0;-1
13;13;2;0;-1
13;13;3;0;-1
13;13;4;21;-1
13;13;5;30;-1
13;13;6;5;-1
13;13;7;0;-1
13;13;8;0;-1
13;13;9;0;-1
13;13;10;1;-1
13;13;11;0;-1
13;13;12;17;-1
13;13;13;-6;-1
13;13;14;18;-1
13;13;15;20;-1
13;13;16;23;-1
13;13;17;-22;-1
13;13;18;-11;-1
13;13;19;0;-1
13;13;20;-9;-1
13;13;21;30;-1
13;13;22;20;-1
13;13;23;-1;-1
13;13;24;-14;-1
13;13;25;-11;-1
13;13;53;1;-1
13;13;54;0;-1
13;13;55;0;-1
13;13;56;0;-1
13;13;57;15;-1
13;13;58;19;-1
13;13;59;23;-1
13;14;0;23;-1
13;14;1;25;-1
13;14;2;26;-1
13;14;3;2;-1
13;14;4;0;-1
13;14;5;0;-1
13;14;6;3;-1
13;14;7;-7;-1
13;14;8;-12;-1
13;14;9;15;-1
13;14;10;-24;-1
13;14;11;0;-1
13;14;12;0;-1
13;14;13;-15;-1
13;14;14;-15;-1
13;14;15;22;-1
13;14;16;26;-1
13;14;17;27;-1
13;14;18;9;-1
13;14;19;0;-1
13;14;20;-13;-1
13;14;21;0;-1
13;14;22;5;-1
13;14;23;29;-1
13;14;24;21;-1
13;14;25;19;-1
13;14;26;-30;-1
13;14;27;-8;-1
19;10;2;-6;-1
19;10;3;6;-1
19;10;4;14;-1
19;10;5;18;-1
19;10;6;19;-1
19;10;7;20;-1
19;10;8;6;-1
19;10;9;0;-1
19;10;10;6;-1
19;10;11;15;-1
19;10;12;19;-1
19;10;13;18;-1
19;10;14;3;-1
19;10;15;0;-1
19;10;16;0;-1
19;10;17;0;-1
19;10;18;-16;-1
19;10;19;13;-1
19;10;20;18;-1
19;10;21;18;-1
19;10;22;19;-1
19;10;23;19;-1
19;10;24;12;-1
19;10;25;0;-1
19;10;26;0;-1
19;10;27;0;-1
19;10;28;0;-1
19;10;29;15;-1
19;10;30;-18;-1
19;10;31;0;-1
19;10;32;0;-1
19;10;33;0;-1
19;10;34;0;-1
19;10;35;0;-1
19;10;36;0;-1
19;10;37;0;-1
19;10;38;0;-1
19;10;39;0;-1
19;10;40;0;-1
19;10;41;0;-1
19;10;42;0;-1
19;10;43;0;-1
19;10;44;-3;-1
19;10;45;8;-1
19;10;46;25;-1
19;10;47;6;-1
19;10;48;-15;-1
19;10;49;0;-1
19;10;50;0;-1
19;10;51;-3;-1
19;10;52;-18;-1
19;10;53;-12;-1
19;10;54;-18;-1
19;10;55;-13;-1
19;10;56;17;-1
19;10;57;17;-1
19;10;58;1;-1
19;10;59;0;-1
19;11;0;6;-1
19;11;1;11;-1
19;11;2;-16;-1
19;11;3;4;-1
19;11;4;0;-1
19;11;52;-5;-1
19;11;53;18;-1
19;11;54;19;-1
19;11;55;19;-1
19;11;56;18;-1
19;11;57;-14;-1
19;11;58;-11;-1
19;11;59;-9;-1
19;12;0;16;-1
19;12;1;20;-1
19;12;2;25;-1
19;12;3;8;-1
19;12;4;0;-1
19;12;5;0;-1
19;12;6;0;-1
19;12;7;0;-1
19;12;8;15;-1
19;12;9;20;-1
19;12;10;23;-1
19;12;11;-6;-1
19;12;12;-4;-1
19;12;13;0;-1
19;12;14;0;-1
19;12;15;0;-1
19;12;16;0;-1
19;12;17;0;-1
19;12;18;0;-1
19;12;19;0;-1
19;12;20;15;-1
19;12;21;21;-1
19;12;22;21;-1
19;12;23;-20;-1
19;12;24;-21;-1
19;12;25;-4;-1
19;12;26;0;-1
19;12;27;0;-1
19;12;28;0;-1
19;12;29;0;-1
19;12;30;0;-1
19;12;31;0;-1
19;12;32;17;-1
19;12;33;21;-1
19;12;34;9;-1
19;12;35;0;-1
19;12;36;15;-1
19;12;37;0;-1
19;12;38;22;-1
19;12;39;23;-1
19;12;40;22;-1
19;12;41;14;-1
19;12;42;0;-1
19;12;43;0;-1
19;12;44;0;-1
19;12;45;-7;-1
19;12;46;-15;-1
19;12;47;11;-1
19;12;48;-4;-1
19;12;49;15;-1
19;12;50;15;-1
19;12;51;11;-1
19;12;52;21;-1
19;12;53;19;-1
19;12;54;20;-1
19;12;55;22;-1
19;12;56;21;-1
19;12;57;22;-1
19;12;58;-21;-1
19;12;59;-21;-1
19;13;0;-19;-1
19;13;1;-22;-1
19;13;2;-20;-1
19;13;3;-20;-1
19;13;4;-21;-1
19;13;5;-10;-1
19;13;6;0;-1
19;13;7;0;-1
19;13;8;0;-1
19;13;9;0;-1
19;13;10;1;-1
19;13;11;20;-1
19;13;12;21;-1
19;13;13;20;-1
19;13;14;20;-1
19;13;15;-21;-1
19;13;16;-5;-1
19;13;17;2;-1
20;10;0;12;-1
20;10;1;22;-1
20;10;2;23;-1
20;10;3;0;-1
20;10;4;0;-1
20;10;5;21;-1
20;10;6;-1;-1
20;10;7;26;-1
20;10;8;26;-1
20;10;9;-23;-1
20;10;10;5;-1
20;10;30;22;-1
20;10;31;23;-1
20;10;32;13;-1
20;10;33;0;-1
20;10;34;0;-1
20;10;35;0;-1
20;10;36;0;-1
20;10;37;0;-1
20;10;38;0;-1
20;10;39;0;-1
20;10;40;0;-1
20;10;41;0;-1
20;10;42;0;-1
20;10;43;0;-1
20;10;44;0;-1
20;10;45;15;-1
20;10;46;8;-1
20;10;47;0;-1
20;10;48;0;-1
20;10;49;8;-1
20;10;50;0;-1
20;10;51;9;-1
20;10;52;4;-1
20;10;53;16;-1
20;10;54;-1000;-1
20;10;55;-1000;-1
20;10;56;-1000;-1
20;10;57;-1000;-1
20;10;58;-1000;-1
20;10;59;-1000;-1
20;11;0;-1000;-1
20;11;1;-1000;-1
20;11;2;0;-1
20;11;11;25;-1
20;11;12;0;-1
20;11;13;0;-1
20;11;14;-16;-1
20;11;15;18;-1
20;11;16;3;-1
20;11;17;15;-1
20;11;18;0;-1
20;11;19;13;-1
20;11;20;0;-1
20;11;21;22;-1
20;11;22;0;-1
20;11;23;0;-1
20;11;24;0;-1
20;11;25;26;-1
20;11;26;26;-1
20;11;27;25;-1
20;11;28;26;-1
20;11;29;20;-1
20;11;30;0;-1
20;11;31;0;-1
20;11;32;0;-1
20;17;18;2;-1
20;17;19;22;-1
20;17;20;28;-1
20;17;21;14;-1
20;17;22;0;-1
20;17;23;0;-1
20;17;24;0;-1
20;17;25;0;-1
20;17;26;0;-1
20;17;27;0;-1
20;17;28;20;-1
20;17;29;28;-1
20;17;30;10;-1
20;17;31;0;-1
20;17;32;0;-1
20;17;33;0;-1
20;17;34;23;-1
20;17;35;25;-1
20;17;36;-10;-1
20;17;37;-19;-1
20;17;38;18;-1
20;17;39;24;-1
20;17;40;-24;-1
20;17;41;-2;-1
20;17;42;0;-1
20;17;43;-7;-1
20;17;44;16;-1
20;17;45;23;-1
20;17;46;26;-1
20;17;47;26;-1
20;17;48;26;-1
20;17;49;11;-1
20;17;50;0;-1
20;17;51;4;-1
20;17;52;24;-1
20;17;53;25;-1
20;17;54;6;-1
20;17;55;0;-1
20;17;56;0;-1
20;17;57;0;-1
21;9;57;11;0
21;9;58;20;0
21;9;59;0;0
21;10;0;0;1
21;10;1;0;1
21;10;2;0;1
21;10;3;0;1
21;10;4;0;1
21;10;5;0;1
21;10;6;0;1
21;10;7;0;1
21;10;8;0;1
21;10;9;0;1
21;10;10;0;1
21;10;11;0;0
21;10;12;0;0
21;10;13;0;0
21;10;14;-4;0
21;10;15;-21;0
21;10;16;-14;0
21;10;17;24;0
21;10;18;13;0
21;10;19;0;0
21;10;20;0;0
21;10;21;6;0
21;10;22;25;0
21;10;23;24;0
21;10;24;0;0
21;10;25;-5;0
21;10;26;0;0
21;10;27;0;0
21;10;28;0;0
21;10;29;-11;0
21;10;30;0;1
21;10;31;0;1
21;10;32;0;1
21;10;33;0;1
21;10;34;0;1
21;10;35;0;1
21;10;36;0;1
21;10;37;0;1
21;10;38;0;1
21;10;39;0;1
21;10;40;0;1
21;10;41;0;1
21;10;42;0;1
21;10;43;0;0
21;10;44;0;0
21;10;45;0;0
21;10;46;-17;0
21;10;47;-17;0
21;10;48;29;0
21;10;49;19;0
21;10;50;0;0
21;10;51;0;0
21;10;52;0;0
21;10;53;0;0
21;10;54;0;0
21;10;55;-15;0
21;10;56;-6;0
21;10;57;18;0
21;10;58;0;0
21;10;59;0;0
21;11;0;0;0
21;11;1;0;0
21;11;2;8;0
21;11;3;29;0
21;11;4;12;0
21;11;5;0;0
21;11;6;0;0
21;11;7;3;0
21;11;8;23;0
21;11;9;-7;0
21;11;10;-18;0
21;11;11;-18;0
21;11;12;21;0
21;11;13;26;0
21;11;14;0;0
21;11;15;0;0
21;11;16;0;0
21;11;17;14;0
21;11;18;28;0
21;11;19;9;0
21;11;20;-13;0
21;11;21;-22;0
21;11;22;25;0
21;11;23;5;0
21;11;24;0;0
21;11;25;4;0
21;11;26;25;0
21;11;27;2;0
21;11;28;-9;0
21;11;29;-0;0
21;11;30;7;0
21;11;31;5;0
21;11;32;5;0
21;11;33;-0;0
21;11;34;-24;0
21;11;35;-16;0
21;11;36;-21;0
21;11;37;-11;0
21;11;38;-21;0
21;11;39;0;0
21;11;40;-3;0
21;11;41;-2;0
21;11;42;-2;0
21;12;10;-6;0
21;12;11;-6;0
21;12;12;0;0
21;12;13;0;0
21;12;14;19;0
21;12;15;25;0
21;12;16;-16;0
21;12;17;-20;0
21;12;18;-20;0
21;12;19;-26;0
21;12;20;-21;0
21;12;21;-17;0
21;12;22;-17;0
21;12;23;-23;0
21;12;24;-19;0
21;12;25;-22;0
21;12;26;-18;0
21;12;27;-22;0
21;12;28;12;0
21;12;29;7;0
21;12;30;4;0
21;18;28;-6;0
21;18;29;17;0
21;18;30;0;0
21;18;31;0;1
21;18;32;0;1
21;18;33;0;1
21;18;34;0;1
21;18;35;0;1
21;18;36;0;1
21;18;37;0;1
21;18;38;0;1
21;18;39;0;1
21;18;40;0;1
21;18;41;0;1
21;18;42;0;1
21;18;43;0;1
21;18;44;0;1
21;18;45;0;1
21;18;46;0;1
21;18;47;0;1
21;18;48;0;1
21;18;49;0;1
21;18;50;0;1
21;18;51;0;1
21;18;52;0;1
21;18;53;0;1
21;18;54;0;1
21;18;55;0;1
21;18;56;-2;1
21;18;57;-1;1
21;18;58;-12;1
21;18;59;0;1
21;19;0;-14;1
21;19;1;-5;1
21;19;2;0;1
21;19;3;0;1
21;19;4;0;1
21;19;5;0;1
21;19;6;0;1
21;19;7;0;1
21;19;8;0;1
21;19;9;0;1
21;19;10;0;1
21;19;11;0;1
21;19;12;0;1
21;19;13;0;1
21;19;14;0;1
21;19;15;0;1
21;19;16;0;1
21;19;17;0;1
21;19;18;0;1
21;19;19;0;1
21;19;20;0;1
21;19;21;0;1
21;19;22;0;1
21;19;23;0;0
21;19;24;0;0
21;19;25;18;0
21;19;26;26;0
21;19;27;27;0
21;19;28;25;0
21;19;29;0;0
21;19;30;0;0
21;19;31;10;0
21;19;32;0;0
21;19;40;0;0
21;19;41;0;0
21;19;42;7;0
21;19;43;25;0
21;19;44;4;0
21;19;45;27;0
21;19;46;15;0
21;19;47;0;0
21;19;48;-7;0
21;19;49;11;0
21;19;50;29;0
21;19;51;8;0
21;19;52;22;0
21;19;53;-25;0
21;19;54;-17;0
22;10;37;-10;0
22;10;38;-5;0
22;10;39;14;0
22;10;40;31;0
22;10;41;0;0
22;10;42;0;0
22;10;43;11;0
22;10;44;33;0
22;10;45;0;0
22;10;46;0;0
22;10;47;-19;0
22;10;48;12;0
22;10;49;29;0
22;10;50;30;0
22;10;51;29;0
22;10;52;17;0
22;10;53;-16;0
22;10;54;0;0
22;10;55;0;0
22;10;56;0;0
22;10;57;5;0
22;10;58;35;0
22;10;59;8;0
22;11;0;-15;0
22;11;1;-2;0
22;11;2;-2;0
22;11;3;23;0
22;11;4;28;0
22;11;5;28;0
22;11;6;28;0
22;11;7;24;0
22;11;8;27;0
22;11;9;32;0
22;11;10;31;0
22;11;11;-17;0
22;11;12;-4;0
